-- phpMyAdmin SQL Dump
-- version 4.1.14
-- http://www.phpmyadmin.net
--
-- Host: 127.0.0.1
-- Generation Time: May 26, 2016 at 04:06 AM
-- Server version: 5.6.17
-- PHP Version: 5.5.12

SET SQL_MODE = "NO_AUTO_VALUE_ON_ZERO";
SET time_zone = "+00:00";


/*!40101 SET @OLD_CHARACTER_SET_CLIENT=@@CHARACTER_SET_CLIENT */;
/*!40101 SET @OLD_CHARACTER_SET_RESULTS=@@CHARACTER_SET_RESULTS */;
/*!40101 SET @OLD_COLLATION_CONNECTION=@@COLLATION_CONNECTION */;
/*!40101 SET NAMES utf8 */;

--
-- Database: `media_center`
--
CREATE DATABASE IF NOT EXISTS `media_center` DEFAULT CHARACTER SET utf8 COLLATE utf8_general_ci;
USE `media_center`;

-- --------------------------------------------------------

--
-- Table structure for table `activities`
--

CREATE TABLE IF NOT EXISTS `activities` (
  `activity_id` bigint(20) NOT NULL AUTO_INCREMENT,
  `user_id` bigint(20) unsigned NOT NULL DEFAULT '0',
  `activity` varchar(255) NOT NULL,
  `module` varchar(255) NOT NULL,
  `created_on` datetime NOT NULL,
  `deleted` tinyint(12) NOT NULL DEFAULT '0',
  PRIMARY KEY (`activity_id`)
) ENGINE=MyISAM  DEFAULT CHARSET=utf8 AUTO_INCREMENT=14 ;

--
-- Dumping data for table `activities`
--

INSERT INTO `activities` (`activity_id`, `user_id`, `activity`, `module`, `created_on`, `deleted`) VALUES
(1, 1, 'logged in from: 127.0.0.1', 'users', '2016-05-04 07:48:27', 0),
(4, 1, 'logged in from: 127.0.0.1', 'users', '2016-05-26 01:16:48', 0),
(5, 1, 'logged in from: 127.0.0.1', 'users', '2016-05-26 03:33:11', 0),
(6, 2, 'logged in from: 127.0.0.1', 'users', '2016-05-26 03:52:42', 0),
(7, 1, 'logged in from: 127.0.0.1', 'users', '2016-05-26 04:02:55', 0),
(8, 1, 'Migrate Type: category_ to Version: 1 from: 127.0.0.1', 'migrations', '2016-05-26 04:03:34', 0),
(9, 1, 'Migration module: category Version: 1 from: 127.0.0.1', 'migrations', '2016-05-26 04:03:34', 0),
(10, 1, 'Migrate Type: item_ to Version: 1 from: 127.0.0.1', 'migrations', '2016-05-26 04:03:49', 0),
(11, 1, 'Migration module: item Version: 1 from: 127.0.0.1', 'migrations', '2016-05-26 04:03:49', 0),
(12, 1, 'Migrate Type: order_ to Version: 1 from: 127.0.0.1', 'migrations', '2016-05-26 04:04:04', 0),
(13, 1, 'Migration module: order Version: 1 from: 127.0.0.1', 'migrations', '2016-05-26 04:04:04', 0);

-- --------------------------------------------------------

--
-- Table structure for table `cart`
--

CREATE TABLE IF NOT EXISTS `cart` (
  `CART_ID` int(11) NOT NULL AUTO_INCREMENT,
  `USER_ID` int(11) DEFAULT NULL,
  `STATUS` varchar(10) NOT NULL,
  PRIMARY KEY (`CART_ID`),
  KEY `FK_USER_CART2` (`USER_ID`)
) ENGINE=MyISAM  DEFAULT CHARSET=latin1 AUTO_INCREMENT=9 ;

--
-- Dumping data for table `cart`
--

INSERT INTO `cart` (`CART_ID`, `USER_ID`, `STATUS`) VALUES
(3, NULL, 'ordered');

-- --------------------------------------------------------

--
-- Table structure for table `cart_item`
--

CREATE TABLE IF NOT EXISTS `cart_item` (
  `CART_ID` int(11) NOT NULL,
  `ITEM_ID` int(11) NOT NULL,
  `AMOUNT` int(11) NOT NULL DEFAULT '0',
  PRIMARY KEY (`CART_ID`,`ITEM_ID`),
  KEY `FK_CART_ITEM2` (`ITEM_ID`)
) ENGINE=MyISAM DEFAULT CHARSET=latin1;

--
-- Dumping data for table `cart_item`
--

INSERT INTO `cart_item` (`CART_ID`, `ITEM_ID`, `AMOUNT`) VALUES
(3, 22, 1);

-- --------------------------------------------------------

--
-- Table structure for table `category`
--

CREATE TABLE IF NOT EXISTS `category` (
  `CATEGORY_ID` int(11) NOT NULL AUTO_INCREMENT,
  `CATEGORY_CATEGORY_ID` int(11) DEFAULT NULL,
  `CATEGORY_NAME` varchar(50) COLLATE utf8_unicode_ci NOT NULL,
  `CATEGORY_PRIORITY` tinyint(4) NOT NULL,
  PRIMARY KEY (`CATEGORY_ID`),
  KEY `FK_PARENT_CATEGORY` (`CATEGORY_CATEGORY_ID`)
) ENGINE=MyISAM  DEFAULT CHARSET=utf8 COLLATE=utf8_unicode_ci AUTO_INCREMENT=18 ;

--
-- Dumping data for table `category`
--

INSERT INTO `category` (`CATEGORY_ID`, `CATEGORY_CATEGORY_ID`, `CATEGORY_NAME`, `CATEGORY_PRIORITY`) VALUES
(1, NULL, 'Sách', 0),
(2, NULL, 'Máy ảnh', 3),
(3, 1, 'Programming Languages', 1),
(4, 1, 'Truyện tranh', 2),
(5, NULL, 'Di động', 4),
(6, NULL, 'Máy Tính', 5),
(7, NULL, 'TV & Âm Thanh', 6),
(8, 7, 'LED TV', 7),
(9, 7, 'TV 4K', 8),
(10, 7, 'Smart TV', 9),
(11, 6, 'Laptop', 10),
(12, 6, 'Máy bàn', 11),
(13, 5, 'Smart phone', 12),
(14, 5, 'Tablet', 13),
(15, 1, 'Văn học', 14),
(16, 1, 'Sách Giáo Khoa', 15),
(17, 7, 'Loa', 16);

-- --------------------------------------------------------

--
-- Table structure for table `ci3_sessions`
--

CREATE TABLE IF NOT EXISTS `ci3_sessions` (
  `id` varchar(40) NOT NULL,
  `ip_address` varchar(45) NOT NULL,
  `timestamp` int(10) unsigned NOT NULL DEFAULT '0',
  `data` blob NOT NULL,
  PRIMARY KEY (`id`)
) ENGINE=MyISAM DEFAULT CHARSET=utf8;

--
-- Dumping data for table `ci3_sessions`
--

INSERT INTO `ci3_sessions` (`id`, `ip_address`, `timestamp`, `data`) VALUES
('fe96c1c20cda950945e9a953bd44c25d764b403d', '192.168.33.1', 1461843104, 0x5f5f63695f6c6173745f726567656e65726174657c693a313436313834333036303b7265717565737465645f706167657c733a33353a22687474703a2f2f6d656469612d63656e7465722e6c6f63616c2f696e6465782e706870223b70726576696f75735f706167657c733a33353a22687474703a2f2f6d656469612d63656e7465722e6c6f63616c2f696e6465782e706870223b),
('0dfa1777677eb3b65cb4a6a94655ae26c591e118', '192.168.33.1', 1462259815, 0x5f5f63695f6c6173745f726567656e65726174657c693a313436323235393735303b7265717565737465645f706167657c733a34313a22687474703a2f2f6d656469612d63656e7465722e6c6f63616c2f696e6465782e7068702f61646d696e223b70726576696f75735f706167657c733a33353a22687474703a2f2f6d656469612d63656e7465722e6c6f63616c2f696e6465782e706870223b6d6573736167657c733a303a22223b5f5f63695f766172737c613a313a7b733a373a226d657373616765223b733a333a226f6c64223b7d),
('144855d632517f8a3dad119d68cf4ac4c1723116', '192.168.33.1', 1462260669, 0x5f5f63695f6c6173745f726567656e65726174657c693a313436323236303531303b7265717565737465645f706167657c733a33353a22687474703a2f2f6d656469612d63656e7465722e6c6f63616c2f696e6465782e706870223b70726576696f75735f706167657c733a33353a22687474703a2f2f6d656469612d63656e7465722e6c6f63616c2f696e6465782e706870223b),
('bf2ab85c06e753a9ff6eb0390691f670f902174d', '192.168.33.1', 1462264027, 0x5f5f63695f6c6173745f726567656e65726174657c693a313436323236343032373b7265717565737465645f706167657c733a33353a22687474703a2f2f6d656469612d63656e7465722e6c6f63616c2f696e6465782e706870223b70726576696f75735f706167657c733a33353a22687474703a2f2f6d656469612d63656e7465722e6c6f63616c2f696e6465782e706870223b),
('b3d5e5f58d76553542dcd0e217aedd20ae3c09ae', '192.168.33.1', 1462264756, 0x5f5f63695f6c6173745f726567656e65726174657c693a313436323236343735353b7265717565737465645f706167657c733a33353a22687474703a2f2f6d656469612d63656e7465722e6c6f63616c2f696e6465782e706870223b70726576696f75735f706167657c733a33353a22687474703a2f2f6d656469612d63656e7465722e6c6f63616c2f696e6465782e706870223b),
('c5ec8c6778ce6e92e79954d02bacc647e9e29e81', '192.168.33.1', 1462265123, 0x5f5f63695f6c6173745f726567656e65726174657c693a313436323236353132323b7265717565737465645f706167657c733a33353a22687474703a2f2f6d656469612d63656e7465722e6c6f63616c2f696e6465782e706870223b70726576696f75735f706167657c733a33353a22687474703a2f2f6d656469612d63656e7465722e6c6f63616c2f696e6465782e706870223b),
('1f02e12ea75fa3440b8270ac5c6a2adb0df7999c', '192.168.33.1', 1462266094, 0x5f5f63695f6c6173745f726567656e65726174657c693a313436323236353830393b7265717565737465645f706167657c733a35303a22687474703a2f2f6d656469612d63656e7465722e6c6f63616c2f696e6465782e7068702f646f63732f646576656c6f706572223b70726576696f75735f706167657c733a35303a22687474703a2f2f6d656469612d63656e7465722e6c6f63616c2f696e6465782e7068702f646f63732f646576656c6f706572223b),
('ae67cce3b70e78686245db7e75ff0f170c87601d', '192.168.33.1', 1462266315, 0x5f5f63695f6c6173745f726567656e65726174657c693a313436323236363134343b7265717565737465645f706167657c733a33353a22687474703a2f2f6d656469612d63656e7465722e6c6f63616c2f696e6465782e706870223b70726576696f75735f706167657c733a33353a22687474703a2f2f6d656469612d63656e7465722e6c6f63616c2f696e6465782e706870223b),
('31729645cbcb565cd4fbde53d91387e1ac9f19c0', '192.168.33.1', 1462266482, 0x5f5f63695f6c6173745f726567656e65726174657c693a313436323236363437343b7265717565737465645f706167657c733a33353a22687474703a2f2f6d656469612d63656e7465722e6c6f63616c2f696e6465782e706870223b70726576696f75735f706167657c733a33353a22687474703a2f2f6d656469612d63656e7465722e6c6f63616c2f696e6465782e706870223b),
('0267fbbbbcb0e8ff79eb2935c43982db98f5fd85', '192.168.33.1', 1462267209, 0x5f5f63695f6c6173745f726567656e65726174657c693a313436323236363934333b7265717565737465645f706167657c733a33353a22687474703a2f2f6d656469612d63656e7465722e6c6f63616c2f696e6465782e706870223b70726576696f75735f706167657c733a33353a22687474703a2f2f6d656469612d63656e7465722e6c6f63616c2f696e6465782e706870223b),
('1162e532b7522966c834286754ae8999b950baf0', '127.0.0.1', 1462341116, 0x5f5f63695f6c6173745f726567656e65726174657c693a313436323334303930363b757365725f69647c733a313a2231223b617574685f637573746f6d7c733a353a2261646d696e223b757365725f746f6b656e7c733a34303a2238643166326362346662653831383039363436666663316238313335316230306235633165633437223b6964656e746974797c733a31393a2261646d696e406d79626f6e666972652e636f6d223b726f6c655f69647c733a313a2231223b6c6f676765645f696e7c623a313b7265717565737465645f706167657c733a33353a22687474703a2f2f6d656469612d63656e7465722e6c6f63616c2f696e6465782e706870223b70726576696f75735f706167657c733a36333a22687474703a2f2f6d656469612d63656e7465722e6c6f63616c2f696e6465782e7068702f646f63732f646576656c6f7065722f696e7374616c6c6174696f6e223b6c616e67756167657c733a373a22656e676c697368223b),
('714f815e13debff798d362cd74dfec95fcda747b', '127.0.0.1', 1462342926, 0x5f5f63695f6c6173745f726567656e65726174657c693a313436323334323633313b757365725f69647c733a313a2231223b617574685f637573746f6d7c733a353a2261646d696e223b757365725f746f6b656e7c733a34303a2238643166326362346662653831383039363436666663316238313335316230306235633165633437223b6964656e746974797c733a31393a2261646d696e406d79626f6e666972652e636f6d223b726f6c655f69647c733a313a2231223b6c6f676765645f696e7c623a313b7265717565737465645f706167657c733a33353a22687474703a2f2f6d656469612d63656e7465722e6c6f63616c2f696e6465782e706870223b70726576696f75735f706167657c733a33353a22687474703a2f2f6d656469612d63656e7465722e6c6f63616c2f696e6465782e706870223b6c616e67756167657c733a373a22656e676c697368223b),
('1b392b3cd205803bc9cefca76342ceefa8fb3bb9', '127.0.0.1', 1462343053, 0x5f5f63695f6c6173745f726567656e65726174657c693a313436323334333035333b757365725f69647c733a313a2231223b617574685f637573746f6d7c733a353a2261646d696e223b757365725f746f6b656e7c733a34303a2238643166326362346662653831383039363436666663316238313335316230306235633165633437223b6964656e746974797c733a31393a2261646d696e406d79626f6e666972652e636f6d223b726f6c655f69647c733a313a2231223b6c6f676765645f696e7c623a313b7265717565737465645f706167657c733a33353a22687474703a2f2f6d656469612d63656e7465722e6c6f63616c2f696e6465782e706870223b70726576696f75735f706167657c733a33353a22687474703a2f2f6d656469612d63656e7465722e6c6f63616c2f696e6465782e706870223b6c616e67756167657c733a373a22656e676c697368223b),
('07f4369bd6ea7c234f11cdf29865b3ccf8680a78', '127.0.0.1', 1462343958, 0x5f5f63695f6c6173745f726567656e65726174657c693a313436323334333935373b757365725f69647c733a313a2231223b617574685f637573746f6d7c733a353a2261646d696e223b757365725f746f6b656e7c733a34303a2238643166326362346662653831383039363436666663316238313335316230306235633165633437223b6964656e746974797c733a31393a2261646d696e406d79626f6e666972652e636f6d223b726f6c655f69647c733a313a2231223b6c6f676765645f696e7c623a313b7265717565737465645f706167657c733a33353a22687474703a2f2f6d656469612d63656e7465722e6c6f63616c2f696e6465782e706870223b70726576696f75735f706167657c733a33353a22687474703a2f2f6d656469612d63656e7465722e6c6f63616c2f696e6465782e706870223b6c616e67756167657c733a373a22656e676c697368223b),
('d16408138a386f32a80a2e6b4f47a2f219be3961', '127.0.0.1', 1462345575, 0x5f5f63695f6c6173745f726567656e65726174657c693a313436323334353535383b757365725f69647c733a313a2231223b617574685f637573746f6d7c733a353a2261646d696e223b757365725f746f6b656e7c733a34303a2238643166326362346662653831383039363436666663316238313335316230306235633165633437223b6964656e746974797c733a31393a2261646d696e406d79626f6e666972652e636f6d223b726f6c655f69647c733a313a2231223b6c6f676765645f696e7c623a313b7265717565737465645f706167657c733a33353a22687474703a2f2f6d656469612d63656e7465722e6c6f63616c2f696e6465782e706870223b70726576696f75735f706167657c733a33353a22687474703a2f2f6d656469612d63656e7465722e6c6f63616c2f696e6465782e706870223b6c616e67756167657c733a373a22656e676c697368223b),
('2ea58147bba00d70b43bf2ca4ba4c0cc0e18bbff', '127.0.0.1', 1462346393, 0x5f5f63695f6c6173745f726567656e65726174657c693a313436323334363039343b757365725f69647c733a313a2231223b617574685f637573746f6d7c733a353a2261646d696e223b757365725f746f6b656e7c733a34303a2238643166326362346662653831383039363436666663316238313335316230306235633165633437223b6964656e746974797c733a31393a2261646d696e406d79626f6e666972652e636f6d223b726f6c655f69647c733a313a2231223b6c6f676765645f696e7c623a313b7265717565737465645f706167657c733a33353a22687474703a2f2f6d656469612d63656e7465722e6c6f63616c2f696e6465782e706870223b70726576696f75735f706167657c733a33353a22687474703a2f2f6d656469612d63656e7465722e6c6f63616c2f696e6465782e706870223b6c616e67756167657c733a373a22656e676c697368223b),
('4096ab3c342d7f4628ad52d7a1b98134198945e2', '127.0.0.1', 1462346585, 0x5f5f63695f6c6173745f726567656e65726174657c693a313436323334363535333b757365725f69647c733a313a2231223b617574685f637573746f6d7c733a353a2261646d696e223b757365725f746f6b656e7c733a34303a2238643166326362346662653831383039363436666663316238313335316230306235633165633437223b6964656e746974797c733a31393a2261646d696e406d79626f6e666972652e636f6d223b726f6c655f69647c733a313a2231223b6c6f676765645f696e7c623a313b7265717565737465645f706167657c733a33353a22687474703a2f2f6d656469612d63656e7465722e6c6f63616c2f696e6465782e706870223b70726576696f75735f706167657c733a33353a22687474703a2f2f6d656469612d63656e7465722e6c6f63616c2f696e6465782e706870223b6c616e67756167657c733a373a22656e676c697368223b),
('14460a546e43fad6b5f2deed5584c632411ea710', '127.0.0.1', 1462347008, 0x5f5f63695f6c6173745f726567656e65726174657c693a313436323334363938323b757365725f69647c733a313a2231223b617574685f637573746f6d7c733a353a2261646d696e223b757365725f746f6b656e7c733a34303a2238643166326362346662653831383039363436666663316238313335316230306235633165633437223b6964656e746974797c733a31393a2261646d696e406d79626f6e666972652e636f6d223b726f6c655f69647c733a313a2231223b6c6f676765645f696e7c623a313b7265717565737465645f706167657c733a33353a22687474703a2f2f6d656469612d63656e7465722e6c6f63616c2f696e6465782e706870223b70726576696f75735f706167657c733a33353a22687474703a2f2f6d656469612d63656e7465722e6c6f63616c2f696e6465782e706870223b6c616e67756167657c733a373a22656e676c697368223b),
('07e9cb7fb6a1e6b6222e2d684936a22f7328503a', '127.0.0.1', 1462347650, 0x5f5f63695f6c6173745f726567656e65726174657c693a313436323334373336323b757365725f69647c733a313a2231223b617574685f637573746f6d7c733a353a2261646d696e223b757365725f746f6b656e7c733a34303a2238643166326362346662653831383039363436666663316238313335316230306235633165633437223b6964656e746974797c733a31393a2261646d696e406d79626f6e666972652e636f6d223b726f6c655f69647c733a313a2231223b6c6f676765645f696e7c623a313b7265717565737465645f706167657c733a35393a22687474703a2f2f6d656469612d63656e7465722e6c6f63616c2f696e6465782e7068702f646f63732f646576656c6f7065722f7475745f626c6f67223b70726576696f75735f706167657c733a35393a22687474703a2f2f6d656469612d63656e7465722e6c6f63616c2f696e6465782e7068702f646f63732f646576656c6f7065722f7475745f626c6f67223b6c616e67756167657c733a373a22656e676c697368223b),
('0140eea32aec4e744e16aa1254c15adbe44fdab1', '127.0.0.1', 1462347915, 0x5f5f63695f6c6173745f726567656e65726174657c693a313436323334373732323b757365725f69647c733a313a2231223b617574685f637573746f6d7c733a353a2261646d696e223b757365725f746f6b656e7c733a34303a2238643166326362346662653831383039363436666663316238313335316230306235633165633437223b6964656e746974797c733a31393a2261646d696e406d79626f6e666972652e636f6d223b726f6c655f69647c733a313a2231223b6c6f676765645f696e7c623a313b7265717565737465645f706167657c733a33353a22687474703a2f2f6d656469612d63656e7465722e6c6f63616c2f696e6465782e706870223b70726576696f75735f706167657c733a35393a22687474703a2f2f6d656469612d63656e7465722e6c6f63616c2f696e6465782e7068702f646f63732f646576656c6f7065722f7475745f626c6f67223b6c616e67756167657c733a373a22656e676c697368223b),
('59d05528ab55b038eb96373a454c870efffbeff8', '127.0.0.1', 1462348923, 0x5f5f63695f6c6173745f726567656e65726174657c693a313436323334383932323b757365725f69647c733a313a2231223b617574685f637573746f6d7c733a353a2261646d696e223b757365725f746f6b656e7c733a34303a2238643166326362346662653831383039363436666663316238313335316230306235633165633437223b6964656e746974797c733a31393a2261646d696e406d79626f6e666972652e636f6d223b726f6c655f69647c733a313a2231223b6c6f676765645f696e7c623a313b7265717565737465645f706167657c733a33353a22687474703a2f2f6d656469612d63656e7465722e6c6f63616c2f696e6465782e706870223b70726576696f75735f706167657c733a33353a22687474703a2f2f6d656469612d63656e7465722e6c6f63616c2f696e6465782e706870223b6c616e67756167657c733a373a22656e676c697368223b),
('a4b6e86ac5488a13551836eb44d548e6e7adb310', '127.0.0.1', 1462349969, 0x5f5f63695f6c6173745f726567656e65726174657c693a313436323334393730353b757365725f69647c733a313a2231223b617574685f637573746f6d7c733a353a2261646d696e223b757365725f746f6b656e7c733a34303a2238643166326362346662653831383039363436666663316238313335316230306235633165633437223b6964656e746974797c733a31393a2261646d696e406d79626f6e666972652e636f6d223b726f6c655f69647c733a313a2231223b6c6f676765645f696e7c623a313b7265717565737465645f706167657c733a33353a22687474703a2f2f6d656469612d63656e7465722e6c6f63616c2f696e6465782e706870223b70726576696f75735f706167657c733a33353a22687474703a2f2f6d656469612d63656e7465722e6c6f63616c2f696e6465782e706870223b6c616e67756167657c733a373a22656e676c697368223b),
('9b593987ed53d99cfa767013827985a98480fabe', '127.0.0.1', 1462350284, 0x5f5f63695f6c6173745f726567656e65726174657c693a313436323335303033303b757365725f69647c733a313a2231223b617574685f637573746f6d7c733a353a2261646d696e223b757365725f746f6b656e7c733a34303a2238643166326362346662653831383039363436666663316238313335316230306235633165633437223b6964656e746974797c733a31393a2261646d696e406d79626f6e666972652e636f6d223b726f6c655f69647c733a313a2231223b6c6f676765645f696e7c623a313b7265717565737465645f706167657c733a33353a22687474703a2f2f6d656469612d63656e7465722e6c6f63616c2f696e6465782e706870223b70726576696f75735f706167657c733a33353a22687474703a2f2f6d656469612d63656e7465722e6c6f63616c2f696e6465782e706870223b6c616e67756167657c733a373a22656e676c697368223b),
('1963b8e960e7d4ca170abe16775ecf402487ea69', '127.0.0.1', 1462350449, 0x5f5f63695f6c6173745f726567656e65726174657c693a313436323335303334323b757365725f69647c733a313a2231223b617574685f637573746f6d7c733a353a2261646d696e223b757365725f746f6b656e7c733a34303a2238643166326362346662653831383039363436666663316238313335316230306235633165633437223b6964656e746974797c733a31393a2261646d696e406d79626f6e666972652e636f6d223b726f6c655f69647c733a313a2231223b6c6f676765645f696e7c623a313b7265717565737465645f706167657c733a33353a22687474703a2f2f6d656469612d63656e7465722e6c6f63616c2f696e6465782e706870223b70726576696f75735f706167657c733a33353a22687474703a2f2f6d656469612d63656e7465722e6c6f63616c2f696e6465782e706870223b6c616e67756167657c733a373a22656e676c697368223b),
('14479bc6e377c6ad8f2c00bd5a67890e3124fe62', '127.0.0.1', 1462350871, 0x5f5f63695f6c6173745f726567656e65726174657c693a313436323335303731393b757365725f69647c733a313a2231223b617574685f637573746f6d7c733a353a2261646d696e223b757365725f746f6b656e7c733a34303a2238643166326362346662653831383039363436666663316238313335316230306235633165633437223b6964656e746974797c733a31393a2261646d696e406d79626f6e666972652e636f6d223b726f6c655f69647c733a313a2231223b6c6f676765645f696e7c623a313b7265717565737465645f706167657c733a33353a22687474703a2f2f6d656469612d63656e7465722e6c6f63616c2f696e6465782e706870223b70726576696f75735f706167657c733a33353a22687474703a2f2f6d656469612d63656e7465722e6c6f63616c2f696e6465782e706870223b6c616e67756167657c733a373a22656e676c697368223b),
('68ab40cb4f458de313dd8b807074fd7e648007e1', '127.0.0.1', 1462352243, 0x5f5f63695f6c6173745f726567656e65726174657c693a313436323335323234313b757365725f69647c733a313a2231223b617574685f637573746f6d7c733a353a2261646d696e223b757365725f746f6b656e7c733a34303a2238643166326362346662653831383039363436666663316238313335316230306235633165633437223b6964656e746974797c733a31393a2261646d696e406d79626f6e666972652e636f6d223b726f6c655f69647c733a313a2231223b6c6f676765645f696e7c623a313b7265717565737465645f706167657c733a33353a22687474703a2f2f6d656469612d63656e7465722e6c6f63616c2f696e6465782e706870223b70726576696f75735f706167657c733a33353a22687474703a2f2f6d656469612d63656e7465722e6c6f63616c2f696e6465782e706870223b6c616e67756167657c733a373a22656e676c697368223b),
('4d76fd39caa181400a5e25ea6864707660fb8304', '127.0.0.1', 1462353079, 0x5f5f63695f6c6173745f726567656e65726174657c693a313436323335323936373b757365725f69647c733a313a2231223b617574685f637573746f6d7c733a353a2261646d696e223b757365725f746f6b656e7c733a34303a2238643166326362346662653831383039363436666663316238313335316230306235633165633437223b6964656e746974797c733a31393a2261646d696e406d79626f6e666972652e636f6d223b726f6c655f69647c733a313a2231223b6c6f676765645f696e7c623a313b7265717565737465645f706167657c733a33353a22687474703a2f2f6d656469612d63656e7465722e6c6f63616c2f696e6465782e706870223b70726576696f75735f706167657c733a33353a22687474703a2f2f6d656469612d63656e7465722e6c6f63616c2f696e6465782e706870223b6c616e67756167657c733a373a22656e676c697368223b),
('1583753276f24de76201d97b05a519b65525e114', '127.0.0.1', 1462353827, 0x5f5f63695f6c6173745f726567656e65726174657c693a313436323335333832363b757365725f69647c733a313a2231223b617574685f637573746f6d7c733a353a2261646d696e223b757365725f746f6b656e7c733a34303a2238643166326362346662653831383039363436666663316238313335316230306235633165633437223b6964656e746974797c733a31393a2261646d696e406d79626f6e666972652e636f6d223b726f6c655f69647c733a313a2231223b6c6f676765645f696e7c623a313b7265717565737465645f706167657c733a33353a22687474703a2f2f6d656469612d63656e7465722e6c6f63616c2f696e6465782e706870223b70726576696f75735f706167657c733a33353a22687474703a2f2f6d656469612d63656e7465722e6c6f63616c2f696e6465782e706870223b6c616e67756167657c733a373a22656e676c697368223b),
('ef963a0a84fd6d62c0c14d8c7ebf7bb1fb1b36c7', '127.0.0.1', 1462354515, 0x5f5f63695f6c6173745f726567656e65726174657c693a313436323335343332373b757365725f69647c733a313a2231223b617574685f637573746f6d7c733a353a2261646d696e223b757365725f746f6b656e7c733a34303a2238643166326362346662653831383039363436666663316238313335316230306235633165633437223b6964656e746974797c733a31393a2261646d696e406d79626f6e666972652e636f6d223b726f6c655f69647c733a313a2231223b6c6f676765645f696e7c623a313b7265717565737465645f706167657c733a33353a22687474703a2f2f6d656469612d63656e7465722e6c6f63616c2f696e6465782e706870223b70726576696f75735f706167657c733a33353a22687474703a2f2f6d656469612d63656e7465722e6c6f63616c2f696e6465782e706870223b6c616e67756167657c733a373a22656e676c697368223b),
('8fcc65a45ddb80c435c2f85cc59a69244d210fec', '127.0.0.1', 1462355012, 0x5f5f63695f6c6173745f726567656e65726174657c693a313436323335343736383b757365725f69647c733a313a2231223b617574685f637573746f6d7c733a353a2261646d696e223b757365725f746f6b656e7c733a34303a2238643166326362346662653831383039363436666663316238313335316230306235633165633437223b6964656e746974797c733a31393a2261646d696e406d79626f6e666972652e636f6d223b726f6c655f69647c733a313a2231223b6c6f676765645f696e7c623a313b7265717565737465645f706167657c733a33353a22687474703a2f2f6d656469612d63656e7465722e6c6f63616c2f696e6465782e706870223b70726576696f75735f706167657c733a33353a22687474703a2f2f6d656469612d63656e7465722e6c6f63616c2f696e6465782e706870223b6c616e67756167657c733a373a22656e676c697368223b),
('6e99237cec48b743d96fda9b2a30360da93524bb', '127.0.0.1', 1462355110, 0x5f5f63695f6c6173745f726567656e65726174657c693a313436323335353039393b757365725f69647c733a313a2231223b617574685f637573746f6d7c733a353a2261646d696e223b757365725f746f6b656e7c733a34303a2238643166326362346662653831383039363436666663316238313335316230306235633165633437223b6964656e746974797c733a31393a2261646d696e406d79626f6e666972652e636f6d223b726f6c655f69647c733a313a2231223b6c6f676765645f696e7c623a313b7265717565737465645f706167657c733a33353a22687474703a2f2f6d656469612d63656e7465722e6c6f63616c2f696e6465782e706870223b70726576696f75735f706167657c733a33353a22687474703a2f2f6d656469612d63656e7465722e6c6f63616c2f696e6465782e706870223b6c616e67756167657c733a373a22656e676c697368223b),
('3f485983d3017e34743ac4596d193c802710ca81', '127.0.0.1', 1462355728, 0x5f5f63695f6c6173745f726567656e65726174657c693a313436323335353538383b757365725f69647c733a313a2231223b617574685f637573746f6d7c733a353a2261646d696e223b757365725f746f6b656e7c733a34303a2238643166326362346662653831383039363436666663316238313335316230306235633165633437223b6964656e746974797c733a31393a2261646d696e406d79626f6e666972652e636f6d223b726f6c655f69647c733a313a2231223b6c6f676765645f696e7c623a313b7265717565737465645f706167657c733a33353a22687474703a2f2f6d656469612d63656e7465722e6c6f63616c2f696e6465782e706870223b70726576696f75735f706167657c733a33353a22687474703a2f2f6d656469612d63656e7465722e6c6f63616c2f696e6465782e706870223b6c616e67756167657c733a373a22656e676c697368223b),
('b695b9e41f9163e24dc9ee9161826cced5c5e7f2', '127.0.0.1', 1462356106, 0x5f5f63695f6c6173745f726567656e65726174657c693a313436323335353935383b757365725f69647c733a313a2231223b617574685f637573746f6d7c733a353a2261646d696e223b757365725f746f6b656e7c733a34303a2238643166326362346662653831383039363436666663316238313335316230306235633165633437223b6964656e746974797c733a31393a2261646d696e406d79626f6e666972652e636f6d223b726f6c655f69647c733a313a2231223b6c6f676765645f696e7c623a313b7265717565737465645f706167657c733a33353a22687474703a2f2f6d656469612d63656e7465722e6c6f63616c2f696e6465782e706870223b70726576696f75735f706167657c733a33353a22687474703a2f2f6d656469612d63656e7465722e6c6f63616c2f696e6465782e706870223b6c616e67756167657c733a373a22656e676c697368223b),
('ba4252426bc93bfbc27aac13e53da99e21a0b915', '127.0.0.1', 1462357646, 0x5f5f63695f6c6173745f726567656e65726174657c693a313436323335373633303b757365725f69647c733a313a2231223b617574685f637573746f6d7c733a353a2261646d696e223b757365725f746f6b656e7c733a34303a2238643166326362346662653831383039363436666663316238313335316230306235633165633437223b6964656e746974797c733a31393a2261646d696e406d79626f6e666972652e636f6d223b726f6c655f69647c733a313a2231223b6c6f676765645f696e7c623a313b7265717565737465645f706167657c733a33353a22687474703a2f2f6d656469612d63656e7465722e6c6f63616c2f696e6465782e706870223b70726576696f75735f706167657c733a33353a22687474703a2f2f6d656469612d63656e7465722e6c6f63616c2f696e6465782e706870223b6c616e67756167657c733a373a22656e676c697368223b),
('008ec83bf581e8c1180ee93c3190d2a8b0e13512', '127.0.0.1', 1462358167, 0x5f5f63695f6c6173745f726567656e65726174657c693a313436323335373934323b757365725f69647c733a313a2231223b617574685f637573746f6d7c733a353a2261646d696e223b757365725f746f6b656e7c733a34303a2238643166326362346662653831383039363436666663316238313335316230306235633165633437223b6964656e746974797c733a31393a2261646d696e406d79626f6e666972652e636f6d223b726f6c655f69647c733a313a2231223b6c6f676765645f696e7c623a313b7265717565737465645f706167657c733a33353a22687474703a2f2f6d656469612d63656e7465722e6c6f63616c2f6c6973745f6974656d223b70726576696f75735f706167657c733a33353a22687474703a2f2f6d656469612d63656e7465722e6c6f63616c2f6c6973745f6974656d223b6c616e67756167657c733a373a22656e676c697368223b),
('4c849d30d60f7789d200b14122376610d2ffd912', '127.0.0.1', 1462358698, 0x5f5f63695f6c6173745f726567656e65726174657c693a313436323335383532323b757365725f69647c733a313a2231223b617574685f637573746f6d7c733a353a2261646d696e223b757365725f746f6b656e7c733a34303a2238643166326362346662653831383039363436666663316238313335316230306235633165633437223b6964656e746974797c733a31393a2261646d696e406d79626f6e666972652e636f6d223b726f6c655f69647c733a313a2231223b6c6f676765645f696e7c623a313b7265717565737465645f706167657c733a33353a22687474703a2f2f6d656469612d63656e7465722e6c6f63616c2f6c6973745f6974656d223b70726576696f75735f706167657c733a33353a22687474703a2f2f6d656469612d63656e7465722e6c6f63616c2f6c6973745f6974656d223b6c616e67756167657c733a373a22656e676c697368223b),
('c94f5aefe8399a29183b08826190963cd57c87c5', '127.0.0.1', 1462359262, 0x5f5f63695f6c6173745f726567656e65726174657c693a313436323335393135303b757365725f69647c733a313a2231223b617574685f637573746f6d7c733a353a2261646d696e223b757365725f746f6b656e7c733a34303a2238643166326362346662653831383039363436666663316238313335316230306235633165633437223b6964656e746974797c733a31393a2261646d696e406d79626f6e666972652e636f6d223b726f6c655f69647c733a313a2231223b6c6f676765645f696e7c623a313b7265717565737465645f706167657c733a32363a22687474703a2f2f6d656469612d63656e7465722e6c6f63616c2f223b70726576696f75735f706167657c733a32363a22687474703a2f2f6d656469612d63656e7465722e6c6f63616c2f223b6c616e67756167657c733a373a22656e676c697368223b),
('c34b7c136c9f9c7542f1b52dbdbc7bb7055fbd6e', '127.0.0.1', 1462359647, 0x5f5f63695f6c6173745f726567656e65726174657c693a313436323335393437343b757365725f69647c733a313a2231223b617574685f637573746f6d7c733a353a2261646d696e223b757365725f746f6b656e7c733a34303a2238643166326362346662653831383039363436666663316238313335316230306235633165633437223b6964656e746974797c733a31393a2261646d696e406d79626f6e666972652e636f6d223b726f6c655f69647c733a313a2231223b6c6f676765645f696e7c623a313b7265717565737465645f706167657c733a33323a22687474703a2f2f6d656469612d63656e7465722e6c6f63616c2f6974656d2f35223b70726576696f75735f706167657c733a33323a22687474703a2f2f6d656469612d63656e7465722e6c6f63616c2f6974656d2f35223b6c616e67756167657c733a373a22656e676c697368223b),
('e23948f92ed4c0e90de4d194290d2b81dad156dc', '127.0.0.1', 1462360032, 0x5f5f63695f6c6173745f726567656e65726174657c693a313436323335393831383b757365725f69647c733a313a2231223b617574685f637573746f6d7c733a353a2261646d696e223b757365725f746f6b656e7c733a34303a2238643166326362346662653831383039363436666663316238313335316230306235633165633437223b6964656e746974797c733a31393a2261646d696e406d79626f6e666972652e636f6d223b726f6c655f69647c733a313a2231223b6c6f676765645f696e7c623a313b7265717565737465645f706167657c733a33323a22687474703a2f2f6d656469612d63656e7465722e6c6f63616c2f6974656d2f35223b70726576696f75735f706167657c733a33323a22687474703a2f2f6d656469612d63656e7465722e6c6f63616c2f6974656d2f35223b6c616e67756167657c733a373a22656e676c697368223b),
('216ac9ba52611c690a0a3eb297b4115214728354', '127.0.0.1', 1462360588, 0x5f5f63695f6c6173745f726567656e65726174657c693a313436323336303332313b757365725f69647c733a313a2231223b617574685f637573746f6d7c733a353a2261646d696e223b757365725f746f6b656e7c733a34303a2238643166326362346662653831383039363436666663316238313335316230306235633165633437223b6964656e746974797c733a31393a2261646d696e406d79626f6e666972652e636f6d223b726f6c655f69647c733a313a2231223b6c6f676765645f696e7c623a313b7265717565737465645f706167657c733a33323a22687474703a2f2f6d656469612d63656e7465722e6c6f63616c2f6974656d2f35223b70726576696f75735f706167657c733a33323a22687474703a2f2f6d656469612d63656e7465722e6c6f63616c2f6974656d2f35223b6c616e67756167657c733a373a22656e676c697368223b),
('956ac235c6f1373f6643b0b7754dd0251f413897', '127.0.0.1', 1462360812, 0x5f5f63695f6c6173745f726567656e65726174657c693a313436323336303633363b757365725f69647c733a313a2231223b617574685f637573746f6d7c733a353a2261646d696e223b757365725f746f6b656e7c733a34303a2238643166326362346662653831383039363436666663316238313335316230306235633165633437223b6964656e746974797c733a31393a2261646d696e406d79626f6e666972652e636f6d223b726f6c655f69647c733a313a2231223b6c6f676765645f696e7c623a313b7265717565737465645f706167657c733a33323a22687474703a2f2f6d656469612d63656e7465722e6c6f63616c2f6974656d2f35223b70726576696f75735f706167657c733a33323a22687474703a2f2f6d656469612d63656e7465722e6c6f63616c2f6974656d2f35223b6c616e67756167657c733a373a22656e676c697368223b),
('382fbc3b8494b936fdf76cc19a98741312ee7eda', '127.0.0.1', 1462361428, 0x5f5f63695f6c6173745f726567656e65726174657c693a313436323336313135373b757365725f69647c733a313a2231223b617574685f637573746f6d7c733a353a2261646d696e223b757365725f746f6b656e7c733a34303a2238643166326362346662653831383039363436666663316238313335316230306235633165633437223b6964656e746974797c733a31393a2261646d696e406d79626f6e666972652e636f6d223b726f6c655f69647c733a313a2231223b6c6f676765645f696e7c623a313b7265717565737465645f706167657c733a33323a22687474703a2f2f6d656469612d63656e7465722e6c6f63616c2f6974656d2f35223b70726576696f75735f706167657c733a33323a22687474703a2f2f6d656469612d63656e7465722e6c6f63616c2f6974656d2f35223b6c616e67756167657c733a373a22656e676c697368223b),
('ce23ffff17d6fe8353cd1caa4ea48cf8acba9a99', '127.0.0.1', 1462361599, 0x5f5f63695f6c6173745f726567656e65726174657c693a313436323336313438393b757365725f69647c733a313a2231223b617574685f637573746f6d7c733a353a2261646d696e223b757365725f746f6b656e7c733a34303a2238643166326362346662653831383039363436666663316238313335316230306235633165633437223b6964656e746974797c733a31393a2261646d696e406d79626f6e666972652e636f6d223b726f6c655f69647c733a313a2231223b6c6f676765645f696e7c623a313b7265717565737465645f706167657c733a33323a22687474703a2f2f6d656469612d63656e7465722e6c6f63616c2f6974656d2f35223b70726576696f75735f706167657c733a33323a22687474703a2f2f6d656469612d63656e7465722e6c6f63616c2f6974656d2f35223b6c616e67756167657c733a373a22656e676c697368223b),
('e0b7eb8d8c770d546919d665319742c9ceb175f8', '127.0.0.1', 1462362008, 0x5f5f63695f6c6173745f726567656e65726174657c693a313436323336313834353b757365725f69647c733a313a2231223b617574685f637573746f6d7c733a353a2261646d696e223b757365725f746f6b656e7c733a34303a2238643166326362346662653831383039363436666663316238313335316230306235633165633437223b6964656e746974797c733a31393a2261646d696e406d79626f6e666972652e636f6d223b726f6c655f69647c733a313a2231223b6c6f676765645f696e7c623a313b7265717565737465645f706167657c733a33323a22687474703a2f2f6d656469612d63656e7465722e6c6f63616c2f6974656d2f35223b70726576696f75735f706167657c733a33323a22687474703a2f2f6d656469612d63656e7465722e6c6f63616c2f6974656d2f35223b6c616e67756167657c733a373a22656e676c697368223b),
('a525adc4c151b154346893f8f5f159919cf8118d', '127.0.0.1', 1462362462, 0x5f5f63695f6c6173745f726567656e65726174657c693a313436323336323139303b757365725f69647c733a313a2231223b617574685f637573746f6d7c733a353a2261646d696e223b757365725f746f6b656e7c733a34303a2238643166326362346662653831383039363436666663316238313335316230306235633165633437223b6964656e746974797c733a31393a2261646d696e406d79626f6e666972652e636f6d223b726f6c655f69647c733a313a2231223b6c6f676765645f696e7c623a313b7265717565737465645f706167657c733a33323a22687474703a2f2f6d656469612d63656e7465722e6c6f63616c2f6974656d2f36223b70726576696f75735f706167657c733a33323a22687474703a2f2f6d656469612d63656e7465722e6c6f63616c2f6974656d2f36223b6c616e67756167657c733a373a22656e676c697368223b),
('665f91e19cd4177e81fa026feb42fd70b867e17a', '127.0.0.1', 1462362851, 0x5f5f63695f6c6173745f726567656e65726174657c693a313436323336323834383b757365725f69647c733a313a2231223b617574685f637573746f6d7c733a353a2261646d696e223b757365725f746f6b656e7c733a34303a2238643166326362346662653831383039363436666663316238313335316230306235633165633437223b6964656e746974797c733a31393a2261646d696e406d79626f6e666972652e636f6d223b726f6c655f69647c733a313a2231223b6c6f676765645f696e7c623a313b7265717565737465645f706167657c733a32363a22687474703a2f2f6d656469612d63656e7465722e6c6f63616c2f223b70726576696f75735f706167657c733a32363a22687474703a2f2f6d656469612d63656e7465722e6c6f63616c2f223b6c616e67756167657c733a373a22656e676c697368223b),
('c746b699e2787176f212944612c1339793ea4fad', '127.0.0.1', 1462364528, 0x5f5f63695f6c6173745f726567656e65726174657c693a313436323336343435363b757365725f69647c733a313a2231223b617574685f637573746f6d7c733a353a2261646d696e223b757365725f746f6b656e7c733a34303a2238643166326362346662653831383039363436666663316238313335316230306235633165633437223b6964656e746974797c733a31393a2261646d696e406d79626f6e666972652e636f6d223b726f6c655f69647c733a313a2231223b6c6f676765645f696e7c623a313b7265717565737465645f706167657c733a33333a22687474703a2f2f6d656469612d63656e7465722e6c6f63616c2f6974656d2f3130223b70726576696f75735f706167657c733a33333a22687474703a2f2f6d656469612d63656e7465722e6c6f63616c2f6974656d2f3130223b6c616e67756167657c733a373a22656e676c697368223b),
('b8819d90ce2d3198ba547990e7f3efd33485235c', '127.0.0.1', 1462365173, 0x5f5f63695f6c6173745f726567656e65726174657c693a313436323336343935343b757365725f69647c733a313a2231223b617574685f637573746f6d7c733a353a2261646d696e223b757365725f746f6b656e7c733a34303a2238643166326362346662653831383039363436666663316238313335316230306235633165633437223b6964656e746974797c733a31393a2261646d696e406d79626f6e666972652e636f6d223b726f6c655f69647c733a313a2231223b6c6f676765645f696e7c623a313b7265717565737465645f706167657c733a33333a22687474703a2f2f6d656469612d63656e7465722e6c6f63616c2f6974656d2f3130223b70726576696f75735f706167657c733a33333a22687474703a2f2f6d656469612d63656e7465722e6c6f63616c2f6974656d2f3130223b6c616e67756167657c733a373a22656e676c697368223b),
('0a62f5c3bdaaccc4ea0a20d09ef9ac6c47631d43', '127.0.0.1', 1462370740, 0x5f5f63695f6c6173745f726567656e65726174657c693a313436323337303731393b757365725f69647c733a313a2231223b617574685f637573746f6d7c733a353a2261646d696e223b757365725f746f6b656e7c733a34303a2238643166326362346662653831383039363436666663316238313335316230306235633165633437223b6964656e746974797c733a31393a2261646d696e406d79626f6e666972652e636f6d223b726f6c655f69647c733a313a2231223b6c6f676765645f696e7c623a313b7265717565737465645f706167657c733a33333a22687474703a2f2f6d656469612d63656e7465722e6c6f63616c2f6974656d2f3130223b70726576696f75735f706167657c733a33333a22687474703a2f2f6d656469612d63656e7465722e6c6f63616c2f6974656d2f3130223b6c616e67756167657c733a373a22656e676c697368223b),
('81697ba9faae67b61d823b8eabe2d4f8d2f0b268', '127.0.0.1', 1462371206, 0x5f5f63695f6c6173745f726567656e65726174657c693a313436323337313036363b757365725f69647c733a313a2231223b617574685f637573746f6d7c733a353a2261646d696e223b757365725f746f6b656e7c733a34303a2238643166326362346662653831383039363436666663316238313335316230306235633165633437223b6964656e746974797c733a31393a2261646d696e406d79626f6e666972652e636f6d223b726f6c655f69647c733a313a2231223b6c6f676765645f696e7c623a313b7265717565737465645f706167657c733a33333a22687474703a2f2f6d656469612d63656e7465722e6c6f63616c2f6974656d2f3130223b70726576696f75735f706167657c733a33333a22687474703a2f2f6d656469612d63656e7465722e6c6f63616c2f6974656d2f3130223b6c616e67756167657c733a373a22656e676c697368223b),
('3bb75d576b8cc9efaf3b89a9f1bdeae24e1cbd1d', '127.0.0.1', 1463985493, 0x5f5f63695f6c6173745f726567656e65726174657c693a313436333938353232313b7265717565737465645f706167657c733a32363a22687474703a2f2f6d656469612d63656e7465722e6c6f63616c2f223b70726576696f75735f706167657c733a32363a22687474703a2f2f6d656469612d63656e7465722e6c6f63616c2f223b),
('a370c2903fbedd60a74185e5129fab914bc5ba66', '127.0.0.1', 1463985735, 0x5f5f63695f6c6173745f726567656e65726174657c693a313436333938353532363b7265717565737465645f706167657c733a32363a22687474703a2f2f6d656469612d63656e7465722e6c6f63616c2f223b70726576696f75735f706167657c733a32363a22687474703a2f2f6d656469612d63656e7465722e6c6f63616c2f223b),
('e8364bc4b24bf89ec62f4df85056a9d2e3ad3c2f', '127.0.0.1', 1463986050, 0x5f5f63695f6c6173745f726567656e65726174657c693a313436333938353832393b7265717565737465645f706167657c733a32363a22687474703a2f2f6d656469612d63656e7465722e6c6f63616c2f223b70726576696f75735f706167657c733a32363a22687474703a2f2f6d656469612d63656e7465722e6c6f63616c2f223b),
('708999f83ee9e4feee6c6ce055bb0f5ccfe332db', '127.0.0.1', 1463986404, 0x5f5f63695f6c6173745f726567656e65726174657c693a313436333938363332323b7265717565737465645f706167657c733a32363a22687474703a2f2f6d656469612d63656e7465722e6c6f63616c2f223b70726576696f75735f706167657c733a32363a22687474703a2f2f6d656469612d63656e7465722e6c6f63616c2f223b),
('cee319813632228e3f8f9efc845f6f5b4f365f75', '127.0.0.1', 1463986921, 0x5f5f63695f6c6173745f726567656e65726174657c693a313436333938363634303b7265717565737465645f706167657c733a32363a22687474703a2f2f6d656469612d63656e7465722e6c6f63616c2f223b70726576696f75735f706167657c733a32363a22687474703a2f2f6d656469612d63656e7465722e6c6f63616c2f223b),
('2252bfe16994829f9c8e3a6463a76552ca390295', '127.0.0.1', 1463987429, 0x5f5f63695f6c6173745f726567656e65726174657c693a313436333938373133343b7265717565737465645f706167657c733a32363a22687474703a2f2f6d656469612d63656e7465722e6c6f63616c2f223b70726576696f75735f706167657c733a32363a22687474703a2f2f6d656469612d63656e7465722e6c6f63616c2f223b),
('7ac0d208f5d99758e781ea34e9ebedc894c5d7ad', '127.0.0.1', 1463987718, 0x5f5f63695f6c6173745f726567656e65726174657c693a313436333938373530333b7265717565737465645f706167657c733a32363a22687474703a2f2f6d656469612d63656e7465722e6c6f63616c2f223b70726576696f75735f706167657c733a32363a22687474703a2f2f6d656469612d63656e7465722e6c6f63616c2f223b),
('fee9c64fbf5c445c210c1b3804eed533deabe186', '127.0.0.1', 1463988140, 0x5f5f63695f6c6173745f726567656e65726174657c693a313436333938373932363b7265717565737465645f706167657c733a32363a22687474703a2f2f6d656469612d63656e7465722e6c6f63616c2f223b70726576696f75735f706167657c733a32363a22687474703a2f2f6d656469612d63656e7465722e6c6f63616c2f223b),
('512a0b7f2afbf75cc82c368f3ccbf955c1c54abc', '127.0.0.1', 1463988495, 0x5f5f63695f6c6173745f726567656e65726174657c693a313436333938383235373b7265717565737465645f706167657c733a32363a22687474703a2f2f6d656469612d63656e7465722e6c6f63616c2f223b70726576696f75735f706167657c733a32363a22687474703a2f2f6d656469612d63656e7465722e6c6f63616c2f223b),
('3e846da069e3ef776bd30c9cadc928a2353e461b', '127.0.0.1', 1463988890, 0x5f5f63695f6c6173745f726567656e65726174657c693a313436333938383632323b7265717565737465645f706167657c733a32363a22687474703a2f2f6d656469612d63656e7465722e6c6f63616c2f223b70726576696f75735f706167657c733a32363a22687474703a2f2f6d656469612d63656e7465722e6c6f63616c2f223b),
('4504251ed0ef1427b2433a7d02e6705fc329d105', '127.0.0.1', 1463988982, 0x5f5f63695f6c6173745f726567656e65726174657c693a313436333938383938323b7265717565737465645f706167657c733a34303a22687474703a2f2f6d656469612d63656e7465722e6c6f63616c2f646f63732f646576656c6f706572223b70726576696f75735f706167657c733a34303a22687474703a2f2f6d656469612d63656e7465722e6c6f63616c2f646f63732f646576656c6f706572223b),
('dcf319edde19307b531f955e1eb389d750a0dcba', '127.0.0.1', 1463989669, 0x5f5f63695f6c6173745f726567656e65726174657c693a313436333938393435383b7265717565737465645f706167657c733a33373a22687474703a2f2f6d656469612d63656e7465722e6c6f63616c2f7365617263682f61736466223b70726576696f75735f706167657c733a34303a22687474703a2f2f6d656469612d63656e7465722e6c6f63616c2f646f63732f646576656c6f706572223b),
('7269a112abadb215f90de1c65540275b12a0f41e', '127.0.0.1', 1463990103, 0x5f5f63695f6c6173745f726567656e65726174657c693a313436333938393832313b7265717565737465645f706167657c733a32363a22687474703a2f2f6d656469612d63656e7465722e6c6f63616c2f223b70726576696f75735f706167657c733a32363a22687474703a2f2f6d656469612d63656e7465722e6c6f63616c2f223b),
('a18cf5016f5589a68cf01dcfdd614d2194c11c35', '127.0.0.1', 1463990174, 0x5f5f63695f6c6173745f726567656e65726174657c693a313436333939303132363b7265717565737465645f706167657c733a32363a22687474703a2f2f6d656469612d63656e7465722e6c6f63616c2f223b70726576696f75735f706167657c733a32363a22687474703a2f2f6d656469612d63656e7465722e6c6f63616c2f223b),
('ac5308c6617a235876009972fad1e3c390cc83cb', '127.0.0.1', 1463990746, 0x5f5f63695f6c6173745f726567656e65726174657c693a313436333939303535333b7265717565737465645f706167657c733a32363a22687474703a2f2f6d656469612d63656e7465722e6c6f63616c2f223b70726576696f75735f706167657c733a32363a22687474703a2f2f6d656469612d63656e7465722e6c6f63616c2f223b),
('6035ea9815033283a26f2db7e1ebc7a6e664926f', '127.0.0.1', 1463991018, 0x5f5f63695f6c6173745f726567656e65726174657c693a313436333939303936303b7265717565737465645f706167657c733a33323a22687474703a2f2f6d656469612d63656e7465722e6c6f63616c2f736561726368223b70726576696f75735f706167657c733a32363a22687474703a2f2f6d656469612d63656e7465722e6c6f63616c2f223b),
('d6621cba8bf732a250931a9377b9ae3a3f058932', '127.0.0.1', 1463991343, 0x5f5f63695f6c6173745f726567656e65726174657c693a313436333939313238393b7265717565737465645f706167657c733a32363a22687474703a2f2f6d656469612d63656e7465722e6c6f63616c2f223b70726576696f75735f706167657c733a32363a22687474703a2f2f6d656469612d63656e7465722e6c6f63616c2f223b),
('7d965a262d7174ff428d59cb52e79c90cfc70244', '127.0.0.1', 1463991937, 0x5f5f63695f6c6173745f726567656e65726174657c693a313436333939313635333b7265717565737465645f706167657c733a32363a22687474703a2f2f6d656469612d63656e7465722e6c6f63616c2f223b70726576696f75735f706167657c733a32363a22687474703a2f2f6d656469612d63656e7465722e6c6f63616c2f223b),
('5a3b11a269e2954a18feb2bad3a1fb6ebbf5e1c0', '127.0.0.1', 1463992524, 0x5f5f63695f6c6173745f726567656e65726174657c693a313436333939323335373b7265717565737465645f706167657c733a33323a22687474703a2f2f6d656469612d63656e7465722e6c6f63616c2f736561726368223b70726576696f75735f706167657c733a32363a22687474703a2f2f6d656469612d63656e7465722e6c6f63616c2f223b),
('af28ea84e0bd8f7d5a98028924cbed6556927120', '127.0.0.1', 1463993029, 0x5f5f63695f6c6173745f726567656e65726174657c693a313436333939323733333b7265717565737465645f706167657c733a33323a22687474703a2f2f6d656469612d63656e7465722e6c6f63616c2f736561726368223b70726576696f75735f706167657c733a32363a22687474703a2f2f6d656469612d63656e7465722e6c6f63616c2f223b),
('568a621c6cbdb11195d3e56d4d9a8302416e0cc9', '127.0.0.1', 1463993050, 0x5f5f63695f6c6173745f726567656e65726174657c693a313436333939333035303b7265717565737465645f706167657c733a32363a22687474703a2f2f6d656469612d63656e7465722e6c6f63616c2f223b70726576696f75735f706167657c733a32363a22687474703a2f2f6d656469612d63656e7465722e6c6f63616c2f223b),
('ef6101dc204e46fd666d3e93444bf01d41e90c1d', '127.0.0.1', 1463993319, 0x5f5f63695f6c6173745f726567656e65726174657c693a313436333939333035313b7265717565737465645f706167657c733a33323a22687474703a2f2f6d656469612d63656e7465722e6c6f63616c2f736561726368223b70726576696f75735f706167657c733a33323a22687474703a2f2f6d656469612d63656e7465722e6c6f63616c2f736561726368223b),
('1b10483e74d96052d074a2b672fbf2547a19ced1', '127.0.0.1', 1463993660, 0x5f5f63695f6c6173745f726567656e65726174657c693a313436333939333336373b7265717565737465645f706167657c733a33323a22687474703a2f2f6d656469612d63656e7465722e6c6f63616c2f736561726368223b70726576696f75735f706167657c733a33323a22687474703a2f2f6d656469612d63656e7465722e6c6f63616c2f736561726368223b),
('ab24f9e3b350ede0f6f58878881a906ac7098213', '127.0.0.1', 1463993978, 0x5f5f63695f6c6173745f726567656e65726174657c693a313436333939333638333b7265717565737465645f706167657c733a33323a22687474703a2f2f6d656469612d63656e7465722e6c6f63616c2f736561726368223b70726576696f75735f706167657c733a33323a22687474703a2f2f6d656469612d63656e7465722e6c6f63616c2f736561726368223b),
('98fabc4f8c156ba26c81bcde6bbd3d7bd6fec45b', '127.0.0.1', 1463994254, 0x5f5f63695f6c6173745f726567656e65726174657c693a313436333939333939333b7265717565737465645f706167657c733a33323a22687474703a2f2f6d656469612d63656e7465722e6c6f63616c2f736561726368223b70726576696f75735f706167657c733a33323a22687474703a2f2f6d656469612d63656e7465722e6c6f63616c2f736561726368223b),
('0db48b20567be02a8cc58ec30354e483704fe90b', '127.0.0.1', 1463994530, 0x5f5f63695f6c6173745f726567656e65726174657c693a313436333939343330353b7265717565737465645f706167657c733a33323a22687474703a2f2f6d656469612d63656e7465722e6c6f63616c2f736561726368223b70726576696f75735f706167657c733a33323a22687474703a2f2f6d656469612d63656e7465722e6c6f63616c2f736561726368223b),
('bc70963b513ecd4b6b610da64293708a9fe5fba9', '127.0.0.1', 1463994850, 0x5f5f63695f6c6173745f726567656e65726174657c693a313436333939343636373b7265717565737465645f706167657c733a33323a22687474703a2f2f6d656469612d63656e7465722e6c6f63616c2f736561726368223b70726576696f75735f706167657c733a33323a22687474703a2f2f6d656469612d63656e7465722e6c6f63616c2f736561726368223b),
('590753e2268023f4acdf8b26ee54c6f89a69dfb5', '127.0.0.1', 1463995372, 0x5f5f63695f6c6173745f726567656e65726174657c693a313436333939353130313b7265717565737465645f706167657c733a33323a22687474703a2f2f6d656469612d63656e7465722e6c6f63616c2f736561726368223b70726576696f75735f706167657c733a33323a22687474703a2f2f6d656469612d63656e7465722e6c6f63616c2f736561726368223b),
('002dd2e90454c1cc6a0192c41f1e75d57f22c8bc', '127.0.0.1', 1463995593, 0x5f5f63695f6c6173745f726567656e65726174657c693a313436333939353439393b7265717565737465645f706167657c733a33323a22687474703a2f2f6d656469612d63656e7465722e6c6f63616c2f736561726368223b70726576696f75735f706167657c733a33323a22687474703a2f2f6d656469612d63656e7465722e6c6f63616c2f736561726368223b),
('9c77222e116c5e2a8f60aaca174510b8ceb0fd2c', '127.0.0.1', 1463996263, 0x5f5f63695f6c6173745f726567656e65726174657c693a313436333939353936363b7265717565737465645f706167657c733a33323a22687474703a2f2f6d656469612d63656e7465722e6c6f63616c2f736561726368223b70726576696f75735f706167657c733a32363a22687474703a2f2f6d656469612d63656e7465722e6c6f63616c2f223b),
('37a732b49b178fb05c6135cc499f79adef0168e5', '127.0.0.1', 1463996450, 0x5f5f63695f6c6173745f726567656e65726174657c693a313436333939363237393b7265717565737465645f706167657c733a33323a22687474703a2f2f6d656469612d63656e7465722e6c6f63616c2f736561726368223b70726576696f75735f706167657c733a33323a22687474703a2f2f6d656469612d63656e7465722e6c6f63616c2f736561726368223b),
('a220beae6bfa4bc0f81de1efc5e6831361c3cb14', '127.0.0.1', 1463996992, 0x5f5f63695f6c6173745f726567656e65726174657c693a313436333939363838373b7265717565737465645f706167657c733a33323a22687474703a2f2f6d656469612d63656e7465722e6c6f63616c2f736561726368223b70726576696f75735f706167657c733a33323a22687474703a2f2f6d656469612d63656e7465722e6c6f63616c2f736561726368223b),
('6329edbec62812e68d819a0af4b7df59a92891f9', '127.0.0.1', 1463997666, 0x5f5f63695f6c6173745f726567656e65726174657c693a313436333939373437373b7265717565737465645f706167657c733a32363a22687474703a2f2f6d656469612d63656e7465722e6c6f63616c2f223b70726576696f75735f706167657c733a32363a22687474703a2f2f6d656469612d63656e7465722e6c6f63616c2f223b),
('4075a0cd76a00bbd9e9caa8e012796cf8e23e244', '127.0.0.1', 1463998421, 0x5f5f63695f6c6173745f726567656e65726174657c693a313436333939383432303b7265717565737465645f706167657c733a33323a22687474703a2f2f6d656469612d63656e7465722e6c6f63616c2f736561726368223b70726576696f75735f706167657c733a33323a22687474703a2f2f6d656469612d63656e7465722e6c6f63616c2f736561726368223b),
('42c2c5b69baecd956a5cc4e2eb15bb49f6d6a95f', '127.0.0.1', 1463999294, 0x5f5f63695f6c6173745f726567656e65726174657c693a313436333939393030363b7265717565737465645f706167657c733a33323a22687474703a2f2f6d656469612d63656e7465722e6c6f63616c2f736561726368223b70726576696f75735f706167657c733a33323a22687474703a2f2f6d656469612d63656e7465722e6c6f63616c2f736561726368223b),
('9c39d12c1f7682743352a574768eeb1af4216ef5', '127.0.0.1', 1463999727, 0x5f5f63695f6c6173745f726567656e65726174657c693a313436333939393530383b7265717565737465645f706167657c733a32363a22687474703a2f2f6d656469612d63656e7465722e6c6f63616c2f223b70726576696f75735f706167657c733a32363a22687474703a2f2f6d656469612d63656e7465722e6c6f63616c2f223b),
('1ce3fb941a89b57b8f15efd9bb6b025f7562ca8b', '127.0.0.1', 1464000115, 0x5f5f63695f6c6173745f726567656e65726174657c693a313436333939393836313b7265717565737465645f706167657c733a33323a22687474703a2f2f6d656469612d63656e7465722e6c6f63616c2f736561726368223b70726576696f75735f706167657c733a33323a22687474703a2f2f6d656469612d63656e7465722e6c6f63616c2f736561726368223b),
('d050704f8892a52cda4e62321c97a8c870edc64e', '127.0.0.1', 1464000497, 0x5f5f63695f6c6173745f726567656e65726174657c693a313436343030303232373b7265717565737465645f706167657c733a33323a22687474703a2f2f6d656469612d63656e7465722e6c6f63616c2f736561726368223b70726576696f75735f706167657c733a33323a22687474703a2f2f6d656469612d63656e7465722e6c6f63616c2f736561726368223b),
('3af32bdc10d8fa470095ea55a4d67a2012bd951f', '127.0.0.1', 1464000877, 0x5f5f63695f6c6173745f726567656e65726174657c693a313436343030303630333b7265717565737465645f706167657c733a33323a22687474703a2f2f6d656469612d63656e7465722e6c6f63616c2f736561726368223b70726576696f75735f706167657c733a33323a22687474703a2f2f6d656469612d63656e7465722e6c6f63616c2f736561726368223b),
('1d787f864bbe840b72527bfc4018319f770c1261', '127.0.0.1', 1464001849, 0x5f5f63695f6c6173745f726567656e65726174657c693a313436343030313633353b7265717565737465645f706167657c733a33323a22687474703a2f2f6d656469612d63656e7465722e6c6f63616c2f736561726368223b70726576696f75735f706167657c733a33323a22687474703a2f2f6d656469612d63656e7465722e6c6f63616c2f736561726368223b),
('252a5aeffa22c5728619debafe751d47893bf25c', '127.0.0.1', 1464002328, 0x5f5f63695f6c6173745f726567656e65726174657c693a313436343030323034343b7265717565737465645f706167657c733a33323a22687474703a2f2f6d656469612d63656e7465722e6c6f63616c2f736561726368223b70726576696f75735f706167657c733a33323a22687474703a2f2f6d656469612d63656e7465722e6c6f63616c2f736561726368223b),
('2edfdcd6502eeb5bf2c01a3111a1e5c4a2414cc0', '127.0.0.1', 1464002388, 0x5f5f63695f6c6173745f726567656e65726174657c693a313436343030323336373b7265717565737465645f706167657c733a33323a22687474703a2f2f6d656469612d63656e7465722e6c6f63616c2f736561726368223b70726576696f75735f706167657c733a33323a22687474703a2f2f6d656469612d63656e7465722e6c6f63616c2f736561726368223b),
('f02fbb06b52b23d10b3dd44bc4d5aa6f22e4828a', '127.0.0.1', 1464004775, 0x5f5f63695f6c6173745f726567656e65726174657c693a313436343030343736313b7265717565737465645f706167657c733a33323a22687474703a2f2f6d656469612d63656e7465722e6c6f63616c2f736561726368223b70726576696f75735f706167657c733a33323a22687474703a2f2f6d656469612d63656e7465722e6c6f63616c2f736561726368223b),
('968249d745b812bd1a2e28b012e896746d261f00', '127.0.0.1', 1464005369, 0x5f5f63695f6c6173745f726567656e65726174657c693a313436343030353130303b7265717565737465645f706167657c733a32363a22687474703a2f2f6d656469612d63656e7465722e6c6f63616c2f223b70726576696f75735f706167657c733a32363a22687474703a2f2f6d656469612d63656e7465722e6c6f63616c2f223b),
('d020a55fe64a3c14db5cb8a39e70c7fa0e2011a0', '127.0.0.1', 1464005928, 0x5f5f63695f6c6173745f726567656e65726174657c693a313436343030353639343b7265717565737465645f706167657c733a32363a22687474703a2f2f6d656469612d63656e7465722e6c6f63616c2f223b70726576696f75735f706167657c733a32363a22687474703a2f2f6d656469612d63656e7465722e6c6f63616c2f223b),
('36f44ccdf61398bf79baf3684fcc93f9d0214085', '127.0.0.1', 1464006153, 0x5f5f63695f6c6173745f726567656e65726174657c693a313436343030363030393b7265717565737465645f706167657c733a33323a22687474703a2f2f6d656469612d63656e7465722e6c6f63616c2f736561726368223b70726576696f75735f706167657c733a32363a22687474703a2f2f6d656469612d63656e7465722e6c6f63616c2f223b);
INSERT INTO `ci3_sessions` (`id`, `ip_address`, `timestamp`, `data`) VALUES
('ecd41a4f7689d5abe4eeab12820e2c95294b0a94', '127.0.0.1', 1464006577, 0x5f5f63695f6c6173745f726567656e65726174657c693a313436343030363331353b7265717565737465645f706167657c733a33323a22687474703a2f2f6d656469612d63656e7465722e6c6f63616c2f736561726368223b70726576696f75735f706167657c733a33323a22687474703a2f2f6d656469612d63656e7465722e6c6f63616c2f736561726368223b),
('31cd7e56774a3326baae4fc6f2c156ed780aa297', '127.0.0.1', 1464006822, 0x5f5f63695f6c6173745f726567656e65726174657c693a313436343030363632383b7265717565737465645f706167657c733a33323a22687474703a2f2f6d656469612d63656e7465722e6c6f63616c2f736561726368223b70726576696f75735f706167657c733a33323a22687474703a2f2f6d656469612d63656e7465722e6c6f63616c2f736561726368223b),
('ab906e6176043e4c907db29cee93e1de86b2fb85', '127.0.0.1', 1464006980, 0x5f5f63695f6c6173745f726567656e65726174657c693a313436343030363937333b7265717565737465645f706167657c733a33323a22687474703a2f2f6d656469612d63656e7465722e6c6f63616c2f736561726368223b70726576696f75735f706167657c733a33323a22687474703a2f2f6d656469612d63656e7465722e6c6f63616c2f736561726368223b),
('5f6b938d833fa8dfedd7b2491403908021433071', '127.0.0.1', 1464007548, 0x5f5f63695f6c6173745f726567656e65726174657c693a313436343030373238323b7265717565737465645f706167657c733a32363a22687474703a2f2f6d656469612d63656e7465722e6c6f63616c2f223b70726576696f75735f706167657c733a32363a22687474703a2f2f6d656469612d63656e7465722e6c6f63616c2f223b),
('89b0d2551666d4860b424f6f1b75867fd9f2a9d6', '127.0.0.1', 1464007870, 0x5f5f63695f6c6173745f726567656e65726174657c693a313436343030373539363b7265717565737465645f706167657c733a33323a22687474703a2f2f6d656469612d63656e7465722e6c6f63616c2f736561726368223b70726576696f75735f706167657c733a33323a22687474703a2f2f6d656469612d63656e7465722e6c6f63616c2f736561726368223b),
('9504f5afd0a04dda590742573273687e747ae44d', '127.0.0.1', 1464007985, 0x5f5f63695f6c6173745f726567656e65726174657c693a313436343030373931303b7265717565737465645f706167657c733a32363a22687474703a2f2f6d656469612d63656e7465722e6c6f63616c2f223b70726576696f75735f706167657c733a32363a22687474703a2f2f6d656469612d63656e7465722e6c6f63616c2f223b),
('c327bcf1723db2d91bd071df4520f3921f46f524', '127.0.0.1', 1464009191, 0x5f5f63695f6c6173745f726567656e65726174657c693a313436343030383931333b7265717565737465645f706167657c733a32363a22687474703a2f2f6d656469612d63656e7465722e6c6f63616c2f223b70726576696f75735f706167657c733a32363a22687474703a2f2f6d656469612d63656e7465722e6c6f63616c2f223b),
('ff8dd08796070cdedd46ebae17a7f25a1ad5032e', '127.0.0.1', 1464009477, 0x5f5f63695f6c6173745f726567656e65726174657c693a313436343030393237333b7265717565737465645f706167657c733a33333a22687474703a2f2f6d656469612d63656e7465722e6c6f63616c2f6974656d2f3230223b70726576696f75735f706167657c733a33333a22687474703a2f2f6d656469612d63656e7465722e6c6f63616c2f6974656d2f3230223b),
('a9818eb07ce7467f093ac3a1fe9a58688e605307', '127.0.0.1', 1464009797, 0x5f5f63695f6c6173745f726567656e65726174657c693a313436343030393538383b7265717565737465645f706167657c733a32363a22687474703a2f2f6d656469612d63656e7465722e6c6f63616c2f223b70726576696f75735f706167657c733a32363a22687474703a2f2f6d656469612d63656e7465722e6c6f63616c2f223b),
('b6650c91713acacb4d4b96b98f6a5373059939a1', '127.0.0.1', 1464216290, 0x5f5f63695f6c6173745f726567656e65726174657c693a313436343231363033363b7265717565737465645f706167657c733a33343a22687474703a2f2f6d656469612d63656e7465722e6c6f63616c2f636865636b6f7574223b70726576696f75735f706167657c733a33343a22687474703a2f2f6d656469612d63656e7465722e6c6f63616c2f636865636b6f7574223b757365725f69647c733a313a2232223b617574685f637573746f6d7c733a353a2268636d7574223b757365725f746f6b656e7c733a34303a2263346537333534653637373830366261306562373562643039643737363165333934373032653834223b6964656e746974797c733a31353a2268636d757440676d61696c2e636f6d223b726f6c655f69647c733a313a2234223b6c6f676765645f696e7c623a313b636172745f69647c693a313b6c616e67756167657c733a373a22656e676c697368223b636172747c613a313a7b693a303b4f3a383a22737464436c617373223a31343a7b733a373a22434152545f4944223b733a313a2231223b733a373a22555345525f4944223b4e3b733a363a22535441545553223b733a373a226f726465726564223b733a373a224954454d5f4944223b733a313a2235223b733a363a22414d4f554e54223b733a313a2231223b733a31353a224d414e5546414354555245525f4944223b733a313a2231223b733a31323a2250524f4d4f54494f4e5f4944223b4e3b733a31313a2243415445474f52595f4944223b733a313a2232223b733a393a224954454d5f4e414d45223b733a34333a224d6f6465726e205048503a204e657720466561747572657320616e6420476f6f6420507261637469636573223b733a31303a224954454d5f5052494345223b733a313a2230223b733a31333a224954454d5f5155414e54495459223b733a313a2230223b733a353a22494d414745223b733a35333a22326335383130376537356338613337346234623830653534666432653963363036353838626138322e66323436783138362e6a7067223b733a363a22564945574544223b733a313a2230223b733a31373a224d414e5546414354555245525f4e414d45223b733a343a224b616e67223b7d7d746f74616c5f70726963657c733a313a2230223b),
('e8377760ca11d93aac34a5962e74b4573fbc1143', '127.0.0.1', 1464216613, 0x5f5f63695f6c6173745f726567656e65726174657c693a313436343231363334303b7265717565737465645f706167657c733a33313a22687474703a2f2f6d656469612d63656e7465722e6c6f63616c2f6f72646572223b70726576696f75735f706167657c733a33313a22687474703a2f2f6d656469612d63656e7465722e6c6f63616c2f6f72646572223b757365725f69647c733a313a2232223b617574685f637573746f6d7c733a353a2268636d7574223b757365725f746f6b656e7c733a34303a2263346537333534653637373830366261306562373562643039643737363165333934373032653834223b6964656e746974797c733a31353a2268636d757440676d61696c2e636f6d223b726f6c655f69647c733a313a2234223b6c6f676765645f696e7c623a313b6c616e67756167657c733a373a22656e676c697368223b746f74616c5f70726963657c733a313a2230223b),
('465887f74643dc0909010b4f0a90d7af6515fc0e', '127.0.0.1', 1464216868, 0x5f5f63695f6c6173745f726567656e65726174657c693a313436343231363635383b7265717565737465645f706167657c733a33313a22687474703a2f2f6d656469612d63656e7465722e6c6f63616c2f6f72646572223b70726576696f75735f706167657c733a33313a22687474703a2f2f6d656469612d63656e7465722e6c6f63616c2f6f72646572223b757365725f69647c733a313a2232223b617574685f637573746f6d7c733a353a2268636d7574223b757365725f746f6b656e7c733a34303a2263346537333534653637373830366261306562373562643039643737363165333934373032653834223b6964656e746974797c733a31353a2268636d757440676d61696c2e636f6d223b726f6c655f69647c733a313a2234223b6c6f676765645f696e7c623a313b6c616e67756167657c733a373a22656e676c697368223b746f74616c5f70726963657c733a313a2230223b),
('c4bfb14166802d57873bb31adac33638ebe2f8cb', '127.0.0.1', 1464217287, 0x5f5f63695f6c6173745f726567656e65726174657c693a313436343231373030343b7265717565737465645f706167657c733a33313a22687474703a2f2f6d656469612d63656e7465722e6c6f63616c2f6f72646572223b70726576696f75735f706167657c733a33313a22687474703a2f2f6d656469612d63656e7465722e6c6f63616c2f6f72646572223b757365725f69647c733a313a2232223b617574685f637573746f6d7c733a353a2268636d7574223b757365725f746f6b656e7c733a34303a2263346537333534653637373830366261306562373562643039643737363165333934373032653834223b6964656e746974797c733a31353a2268636d757440676d61696c2e636f6d223b726f6c655f69647c733a313a2234223b6c6f676765645f696e7c623a313b6c616e67756167657c733a373a22656e676c697368223b746f74616c5f70726963657c733a313a2230223b),
('0655fd00e0a7f105b4ed6fb9137d535875a22ccb', '127.0.0.1', 1464217616, 0x5f5f63695f6c6173745f726567656e65726174657c693a313436343231373332393b7265717565737465645f706167657c733a32363a22687474703a2f2f6d656469612d63656e7465722e6c6f63616c2f223b70726576696f75735f706167657c733a32363a22687474703a2f2f6d656469612d63656e7465722e6c6f63616c2f223b757365725f69647c733a313a2232223b617574685f637573746f6d7c733a353a2268636d7574223b757365725f746f6b656e7c733a34303a2263346537333534653637373830366261306562373562643039643737363165333934373032653834223b6964656e746974797c733a31353a2268636d757440676d61696c2e636f6d223b726f6c655f69647c733a313a2234223b6c6f676765645f696e7c623a313b6c616e67756167657c733a373a22656e676c697368223b746f74616c5f70726963657c733a313a2230223b),
('862dd596f4634c140bc5d6e0ad4dab0d83e32f84', '127.0.0.1', 1464217987, 0x5f5f63695f6c6173745f726567656e65726174657c693a313436343231373732373b7265717565737465645f706167657c733a32363a22687474703a2f2f6d656469612d63656e7465722e6c6f63616c2f223b70726576696f75735f706167657c733a32363a22687474703a2f2f6d656469612d63656e7465722e6c6f63616c2f223b757365725f69647c733a313a2232223b617574685f637573746f6d7c733a353a2268636d7574223b757365725f746f6b656e7c733a34303a2263346537333534653637373830366261306562373562643039643737363165333934373032653834223b6964656e746974797c733a31353a2268636d757440676d61696c2e636f6d223b726f6c655f69647c733a313a2234223b6c6f676765645f696e7c623a313b6c616e67756167657c733a373a22656e676c697368223b746f74616c5f70726963657c733a333a22373737223b),
('baa4940ce38a4f6248c0ef504283471419475dbd', '127.0.0.1', 1464226579, 0x5f5f63695f6c6173745f726567656e65726174657c693a313436343232363530363b7265717565737465645f706167657c733a32363a22687474703a2f2f6d656469612d63656e7465722e6c6f63616c2f223b70726576696f75735f706167657c733a32363a22687474703a2f2f6d656469612d63656e7465722e6c6f63616c2f223b757365725f69647c733a313a2231223b617574685f637573746f6d7c733a353a2261646d696e223b757365725f746f6b656e7c733a34303a2238663036636230643233393365326462666538653162613765316466323638323135653664303866223b6964656e746974797c733a31353a2261646d696e40676d61696c2e636f6d223b726f6c655f69647c733a313a2231223b6c6f676765645f696e7c623a313b6c616e67756167657c733a373a22656e676c697368223b746f74616c5f70726963657c733a373a2233363530303030223b6d6573736167657c733a303a22223b5f5f63695f766172737c613a313a7b733a373a226d657373616765223b733a333a226e6577223b7d),
('a5f76ec934de53721e52b59cbce6405221c27fb5', '127.0.0.1', 1464226947, 0x5f5f63695f6c6173745f726567656e65726174657c693a313436343232363835333b7265717565737465645f706167657c733a35353a22687474703a2f2f6d656469612d63656e7465722e6c6f63616c2f646f63732f646576656c6f7065722f626f6e666972655f6d6f64656c73223b70726576696f75735f706167657c733a35353a22687474703a2f2f6d656469612d63656e7465722e6c6f63616c2f646f63732f646576656c6f7065722f626f6e666972655f6d6f64656c73223b757365725f69647c733a313a2231223b617574685f637573746f6d7c733a353a2261646d696e223b757365725f746f6b656e7c733a34303a2238663036636230643233393365326462666538653162613765316466323638323135653664303866223b6964656e746974797c733a31353a2261646d696e40676d61696c2e636f6d223b726f6c655f69647c733a313a2231223b6c6f676765645f696e7c623a313b6c616e67756167657c733a373a22656e676c697368223b746f74616c5f70726963657c733a373a2233363530303030223b),
('a0efabf7b57309089b85bd4576c2137ca764f498', '127.0.0.1', 1464218447, 0x5f5f63695f6c6173745f726567656e65726174657c693a313436343231383137383b7265717565737465645f706167657c733a33313a22687474703a2f2f6d656469612d63656e7465722e6c6f63616c2f6f72646572223b70726576696f75735f706167657c733a33313a22687474703a2f2f6d656469612d63656e7465722e6c6f63616c2f6f72646572223b757365725f69647c733a313a2231223b617574685f637573746f6d7c733a353a2261646d696e223b757365725f746f6b656e7c733a34303a2238663036636230643233393365326462666538653162613765316466323638323135653664303866223b6964656e746974797c733a31393a2261646d696e406d79626f6e666972652e636f6d223b726f6c655f69647c733a313a2231223b6c6f676765645f696e7c623a313b6c616e67756167657c733a373a22656e676c697368223b746f74616c5f70726963657c733a353a223938303030223b6d6573736167657c733a303a22223b5f5f63695f766172737c613a313a7b733a373a226d657373616765223b733a333a226f6c64223b7d),
('73136c34c3bf1cc52ad60e32954a9f7ee0f1be9d', '127.0.0.1', 1464226206, 0x5f5f63695f6c6173745f726567656e65726174657c693a313436343232363230333b7265717565737465645f706167657c733a32363a22687474703a2f2f6d656469612d63656e7465722e6c6f63616c2f223b70726576696f75735f706167657c733a32363a22687474703a2f2f6d656469612d63656e7465722e6c6f63616c2f223b),
('c899c0c8c0729f1e3c417364057ba3973498cfbf', '127.0.0.1', 1464226430, 0x5f5f63695f6c6173745f726567656e65726174657c693a313436343232363230333b7265717565737465645f706167657c733a33343a22687474703a2f2f6d656469612d63656e7465722e6c6f63616c2f636865636b6f7574223b70726576696f75735f706167657c733a33343a22687474703a2f2f6d656469612d63656e7465722e6c6f63616c2f636865636b6f7574223b757365725f69647c733a313a2231223b617574685f637573746f6d7c733a353a2261646d696e223b757365725f746f6b656e7c733a34303a2238663036636230643233393365326462666538653162613765316466323638323135653664303866223b6964656e746974797c733a31353a2261646d696e40676d61696c2e636f6d223b726f6c655f69647c733a313a2231223b6c6f676765645f696e7c623a313b636172745f69647c693a353b6c616e67756167657c733a373a22656e676c697368223b636172747c613a313a7b693a303b4f3a383a22737464436c617373223a31343a7b733a373a22434152545f4944223b733a313a2235223b733a373a22555345525f4944223b4e3b733a363a22535441545553223b733a373a226f726465726564223b733a373a224954454d5f4944223b733a323a223333223b733a363a22414d4f554e54223b733a313a2231223b733a31353a224d414e5546414354555245525f4944223b733a313a2231223b733a31323a2250524f4d4f54494f4e5f4944223b4e3b733a31313a2243415445474f52595f4944223b733a323a223137223b733a393a224954454d5f4e414d45223b733a32373a224c6f6120426c7565746f6f746820536f6e79205352532d58383820223b733a31303a224954454d5f5052494345223b733a373a2239363530303030223b733a31333a224954454d5f5155414e54495459223b733a363a22313030303030223b733a353a22494d414745223b733a32343a223531676572753876636b6c2e5f736c313230305f2e6a7067223b733a363a22564945574544223b733a313a2230223b733a31373a224d414e5546414354555245525f4e414d45223b733a343a22536f6e79223b7d7d746f74616c5f70726963657c733a373a2239363530303030223b),
('1f1543552e62627c7d2ef7485bf4179b6665deef', '127.0.0.1', 1464227844, 0x5f5f63695f6c6173745f726567656e65726174657c693a313436343232373534353b7265717565737465645f706167657c733a32363a22687474703a2f2f6d656469612d63656e7465722e6c6f63616c2f223b70726576696f75735f706167657c733a32363a22687474703a2f2f6d656469612d63656e7465722e6c6f63616c2f223b757365725f69647c733a313a2232223b617574685f637573746f6d7c733a353a2268636d7574223b757365725f746f6b656e7c733a34303a2263346537333534653637373830366261306562373562643039643737363165333934373032653834223b6964656e746974797c733a31353a2268636d757440676d61696c2e636f6d223b726f6c655f69647c733a313a2234223b6c6f676765645f696e7c623a313b6c616e67756167657c733a373a22656e676c697368223b746f74616c5f70726963657c733a373a2233363530303030223b),
('f92867e07727fb360d776dac10e6168a7e814188', '127.0.0.1', 1464228278, 0x5f5f63695f6c6173745f726567656e65726174657c693a313436343232383130373b7265717565737465645f706167657c733a34343a22687474703a2f2f6d656469612d63656e7465722e6c6f63616c2f61646d696e2f636f6e74656e742f6974656d223b70726576696f75735f706167657c733a34343a22687474703a2f2f6d656469612d63656e7465722e6c6f63616c2f61646d696e2f636f6e74656e742f6974656d223b757365725f69647c733a313a2231223b617574685f637573746f6d7c733a353a2261646d696e223b757365725f746f6b656e7c733a34303a2238663036636230643233393365326462666538653162613765316466323638323135653664303866223b6964656e746974797c733a31353a2261646d696e40676d61696c2e636f6d223b726f6c655f69647c733a313a2231223b6c6f676765645f696e7c623a313b6c616e67756167657c733a373a22656e676c697368223b);

-- --------------------------------------------------------

--
-- Table structure for table `customeraddress`
--

CREATE TABLE IF NOT EXISTS `customeraddress` (
  `ADDRESS_ID` int(11) NOT NULL AUTO_INCREMENT,
  `USER_ID` int(11) NOT NULL,
  `RECIPIENT` varchar(50) NOT NULL,
  `PHONE_NUMBER` varchar(15) NOT NULL,
  `ADDRESS_LINE_1` varchar(256) DEFAULT NULL,
  `ADDRESS_LINE_2` varchar(256) DEFAULT NULL,
  `DISTRICT` varchar(50) NOT NULL,
  `PROVINCE` varchar(50) NOT NULL,
  `COUNTRY` varchar(50) NOT NULL,
  `ZIPCODE` varchar(15) DEFAULT NULL,
  PRIMARY KEY (`ADDRESS_ID`),
  KEY `FK_USER_ADDRESS` (`USER_ID`)
) ENGINE=MyISAM DEFAULT CHARSET=latin1 AUTO_INCREMENT=1 ;

-- --------------------------------------------------------

--
-- Table structure for table `email_queue`
--

CREATE TABLE IF NOT EXISTS `email_queue` (
  `id` int(11) NOT NULL AUTO_INCREMENT,
  `to_email` varchar(254) NOT NULL,
  `subject` varchar(255) NOT NULL,
  `message` text NOT NULL,
  `alt_message` text,
  `max_attempts` int(11) NOT NULL DEFAULT '3',
  `attempts` int(11) NOT NULL DEFAULT '0',
  `success` tinyint(1) NOT NULL DEFAULT '0',
  `date_published` datetime DEFAULT NULL,
  `last_attempt` datetime DEFAULT NULL,
  `date_sent` datetime DEFAULT NULL,
  `csv_attachment` text,
  PRIMARY KEY (`id`)
) ENGINE=MyISAM DEFAULT CHARSET=utf8 AUTO_INCREMENT=1 ;

-- --------------------------------------------------------

--
-- Table structure for table `item`
--

CREATE TABLE IF NOT EXISTS `item` (
  `ITEM_ID` int(11) NOT NULL AUTO_INCREMENT,
  `MANUFACTURER_ID` int(11) NOT NULL,
  `PROMOTION_ID` int(11) DEFAULT NULL,
  `CATEGORY_ID` int(11) NOT NULL,
  `ITEM_NAME` varchar(256) COLLATE utf8_unicode_ci NOT NULL,
  `ITEM_PRICE` float(10,0) NOT NULL,
  `ITEM_QUANTITY` int(11) NOT NULL,
  `IMAGE` varchar(55) CHARACTER SET latin1 NOT NULL,
  `VIEWED` int(11) NOT NULL,
  `buyers` int(11) NOT NULL,
  PRIMARY KEY (`ITEM_ID`),
  KEY `FK_ITEM_CATEGORY` (`CATEGORY_ID`),
  KEY `FK_ITEM_MANUFACTURER` (`MANUFACTURER_ID`),
  KEY `FK_ITEM_PROMOTION` (`PROMOTION_ID`)
) ENGINE=MyISAM  DEFAULT CHARSET=utf8 COLLATE=utf8_unicode_ci AUTO_INCREMENT=34 ;

--
-- Dumping data for table `item`
--

INSERT INTO `item` (`ITEM_ID`, `MANUFACTURER_ID`, `PROMOTION_ID`, `CATEGORY_ID`, `ITEM_NAME`, `ITEM_PRICE`, `ITEM_QUANTITY`, `IMAGE`, `VIEWED`, `buyers`) VALUES
(1, 2, NULL, 1, 'Modern PHP: New Features and Good Practices', 116000, 10, 'ebook_php_1.jpg', 23, 345),
(2, 2, NULL, 1, 'PhP: Learn PHP Programming Quick & Easy', 100000, 10, 'ebook_php_2.jpg', 65, 34563),
(3, 2, NULL, 1, 'PHP and MySQL Web Development (4th Edition)', 99000, 10, 'ebook_php_3.jpg', 56, 457),
(4, 2, NULL, 1, 'PHP Cookbook: Solutions & Examples for PHP Programmers', 86500, 10, 'ebook_php_4.jpg', 456, 745),
(25, 5, NULL, 14, 'iPad Air 2 Cellular 16 GB', 12990000, 100000, 'ipad-mini-witb-gold-wif-201410.jpg', 3453, 457),
(24, 1, NULL, 2, 'Máy ảnh Sony DSC WX220 - 18.2 Megapixel, Zoom 10x', 3450000, 100000, 'sony-2837-159831-1-zoom.jpg', 1234, 5645),
(23, 1, NULL, 2, 'Máy ảnh Sony WX500', 6490000, 100000, '632a391d86154e7c2e570b00bc7f4ed4.jpg', 7546, 5735),
(21, 5, NULL, 13, 'iPhone 6 16GB', 15600000, 100000, 'iphone-hong-1_1_1_11=.jpg', 4574, 45745),
(22, 10, NULL, 13, 'Samsung Galaxy S6', 18600000, 100000, 'gold1.jpg', 48, 6853),
(9, 2, NULL, 3, 'Hamilton: The Revolution', 172000, 22, '20810558.jpg', 0, 0),
(10, 2, NULL, 3, 'The Rainbow Comes and Goes: A Mother and Son On Life, Love, and Loss', 28000, 2, 'e15f2d8e988bca99901aaeb16d4bec045143e690.f246x186.jpg', 0, 0),
(11, 2, NULL, 3, 'Oh, The Places You''ll Go!', 51000, 2, 'ebook_php.jpg', 0, 0),
(12, 2, NULL, 3, 'Cravings: Recipes for All the Food You Want to Eat', 116000, 2, 'ebook_php_1.jpg', 0, 0),
(13, 2, NULL, 4, 'Me Before You', 56000, 2, 'ebook_php_2.jpg', 0, 0),
(14, 2, NULL, 4, 'It''s All Easy: Delicious Weekday Recipes for the Super-Busy Home Cook', 88600, 2, 'ebook_php_3.jpg', 0, 0),
(15, 2, NULL, 4, 'The Tumor: A Non-Legal Thriller', 116000, 2, 'ebook_php_4.jpg', 0, 0),
(16, 2, NULL, 4, 'Left Alive #1: A Zombie Apocalypse Novel', 16000, 2, 'images.jpg', 0, 0),
(17, 2, NULL, 15, 'Seduction Wears Sapphires (The Jaded Gentlemen Book 2)', 26000, 2, 'list-explosion-plr-ebook-cover-246x186.jpg', 0, 0),
(18, 2, NULL, 16, 'Isle of Night (The Watchers Book 1)', 98000, 1, 'targeted-traffic-simplified-plr-ebook-cover-246x186.jpg', 0, 0),
(19, 2, NULL, 16, 'Come the Dawn (The Dangerous Delameres Book 2)', 76000, 2, 'your-perfect-right-plr-ebook-cover-246x186.jpg', 0, 0),
(20, 2, NULL, 16, 'Summer with a Star (Second Chances Book 1)', 99860, 2, 'ebook_php_4.jpg', 0, 0),
(26, 5, NULL, 11, 'Macbook Pro 15 MJLT2ZP/A', 54590000, 100000, 'mjlt2zpa (1).u425.d20160412.t125155.jpg', 0, 0),
(27, 5, NULL, 11, 'Macbook Pro 15 MJLT2ZP/A', 54590000, 100000, 'mjlt2zpa (1).u425.d20160412.t125155.jpg', 0, 0),
(28, 9, NULL, 11, 'Laptop Dell Latitude 7450 L4I77450 B?c', 32490000, 100000, 'latitude-7450-5.jpg', 0, 0),
(29, 11, NULL, 8, 'Tivi LED LG 42LF550T 42 inch', 8990000, 100000, 'tivi-toshiba-40l2550-40l2550vn-40-inches-4.jpg', 0, 0),
(30, 1, NULL, 9, 'Tivi LED Sony KDL-40R350C 40 inch', 7990000, 100000, 'kdl-40r350c.jpg', 0, 0),
(31, 10, NULL, 10, 'Tivi LED Samsung UA40J5100 40 inch', 6990000, 100000, 'tivi_samsung_ua40j5100akxxv_led.jpg', 0, 0),
(32, 1, NULL, 17, 'Loa Sony SRS-D8', 3650000, 99998, 'loa_sony_srs-d8.jpeg', 0, 0),
(33, 1, NULL, 17, 'Loa Bluetooth Sony SRS-X88 ', 9650000, 99999, '51geru8vckl._sl1200_.jpg', 0, 0);

-- --------------------------------------------------------

--
-- Table structure for table `item_supplier`
--

CREATE TABLE IF NOT EXISTS `item_supplier` (
  `SUPPLIER_ID` int(11) NOT NULL,
  `ITEM_ID` int(11) NOT NULL,
  PRIMARY KEY (`SUPPLIER_ID`,`ITEM_ID`),
  KEY `FK_ITEM_SUPPLIER2` (`ITEM_ID`)
) ENGINE=MyISAM DEFAULT CHARSET=latin1;

--
-- Dumping data for table `item_supplier`
--

INSERT INTO `item_supplier` (`SUPPLIER_ID`, `ITEM_ID`) VALUES
(1, 1),
(1, 2),
(1, 3),
(2, 1),
(2, 5),
(3, 15);

-- --------------------------------------------------------

--
-- Table structure for table `login_attempts`
--

CREATE TABLE IF NOT EXISTS `login_attempts` (
  `id` bigint(20) NOT NULL AUTO_INCREMENT,
  `ip_address` varchar(45) NOT NULL,
  `login` varchar(255) NOT NULL,
  `time` timestamp NOT NULL DEFAULT CURRENT_TIMESTAMP,
  PRIMARY KEY (`id`)
) ENGINE=MyISAM  DEFAULT CHARSET=utf8 AUTO_INCREMENT=3 ;

-- --------------------------------------------------------

--
-- Table structure for table `manufacturer`
--

CREATE TABLE IF NOT EXISTS `manufacturer` (
  `MANUFACTURER_ID` int(11) NOT NULL AUTO_INCREMENT,
  `MANUFACTURER_NAME` varchar(50) NOT NULL,
  PRIMARY KEY (`MANUFACTURER_ID`)
) ENGINE=MyISAM  DEFAULT CHARSET=latin1 AUTO_INCREMENT=12 ;

--
-- Dumping data for table `manufacturer`
--

INSERT INTO `manufacturer` (`MANUFACTURER_ID`, `MANUFACTURER_NAME`) VALUES
(1, 'Sony'),
(2, 'Kim ??ng'),
(3, 'Nokia'),
(4, 'Locker'),
(5, 'Apple'),
(6, 'Converse'),
(7, 'Nike'),
(8, 'HP'),
(9, 'DELL'),
(10, 'Samsung'),
(11, 'LG');

-- --------------------------------------------------------

--
-- Table structure for table `orders`
--

CREATE TABLE IF NOT EXISTS `orders` (
  `ORDER_ID` int(11) NOT NULL AUTO_INCREMENT,
  `SHIPPING_TYPE_ID` int(11) NOT NULL,
  `PAYMENT_TYPE` varchar(20) NOT NULL,
  `USER_ID` int(11) NOT NULL,
  `ADDRESS_ID` int(11) DEFAULT NULL,
  `PAYMENT_ID` int(11) DEFAULT NULL,
  `ORDER_STATUS` varchar(20) NOT NULL,
  `ORDER_DATE` datetime NOT NULL,
  `DELIVERY_DATE` datetime DEFAULT NULL,
  `TOTAL` float NOT NULL,
  `PAYMENT_KEY` varchar(20) DEFAULT NULL,
  `PAYMENT_CODE` varchar(20) DEFAULT NULL,
  PRIMARY KEY (`ORDER_ID`),
  KEY `FK_ORDER_CUSTOMERADDRESS` (`ADDRESS_ID`),
  KEY `FK_ORDER_PAYMENT` (`PAYMENT_ID`),
  KEY `FK_ORDER_PAYMENTTYPE` (`PAYMENT_TYPE`),
  KEY `FK_ORDER_SHIPPING` (`SHIPPING_TYPE_ID`),
  KEY `FK_ORDER_USER` (`USER_ID`)
) ENGINE=MyISAM  DEFAULT CHARSET=latin1 AUTO_INCREMENT=10 ;

--
-- Dumping data for table `orders`
--

INSERT INTO `orders` (`ORDER_ID`, `SHIPPING_TYPE_ID`, `PAYMENT_TYPE`, `USER_ID`, `ADDRESS_ID`, `PAYMENT_ID`, `ORDER_STATUS`, `ORDER_DATE`, `DELIVERY_DATE`, `TOTAL`, `PAYMENT_KEY`, `PAYMENT_CODE`) VALUES
(5, 1, 'direct', 1, NULL, NULL, 'PROCESSING', '2016-05-26 01:20:40', NULL, 98000, NULL, NULL),
(6, 1, 'direct', 1, NULL, NULL, 'PROCESSING', '2016-05-26 03:35:14', NULL, 9650000, NULL, NULL),
(7, 1, 'direct', 1, NULL, NULL, 'PROCESSING', '2016-05-26 03:36:16', NULL, 3650000, NULL, NULL),
(8, 1, 'direct', 2, NULL, NULL, 'PROCESSING', '2016-05-26 03:53:06', NULL, 3650000, NULL, NULL);

-- --------------------------------------------------------

--
-- Table structure for table `order_item`
--

CREATE TABLE IF NOT EXISTS `order_item` (
  `ITEM_ID` int(11) NOT NULL,
  `ORDER_ID` int(11) NOT NULL,
  `AMOUNT` int(11) NOT NULL,
  PRIMARY KEY (`ITEM_ID`,`ORDER_ID`),
  KEY `FK_ORDER_ITEM2` (`ORDER_ID`)
) ENGINE=MyISAM DEFAULT CHARSET=latin1;

--
-- Dumping data for table `order_item`
--

INSERT INTO `order_item` (`ITEM_ID`, `ORDER_ID`, `AMOUNT`) VALUES
(18, 5, 1),
(33, 6, 1),
(32, 7, 1),
(32, 8, 1);

-- --------------------------------------------------------

--
-- Table structure for table `paymenttype`
--

CREATE TABLE IF NOT EXISTS `paymenttype` (
  `PAYMENT_TYPE_ID` tinyint(4) NOT NULL,
  `PAYMENT_TYPE_DESC` varchar(50) NOT NULL,
  PRIMARY KEY (`PAYMENT_TYPE_ID`)
) ENGINE=MyISAM DEFAULT CHARSET=latin1;

-- --------------------------------------------------------

--
-- Table structure for table `permissions`
--

CREATE TABLE IF NOT EXISTS `permissions` (
  `permission_id` int(11) NOT NULL AUTO_INCREMENT,
  `name` varchar(255) NOT NULL,
  `description` varchar(100) NOT NULL,
  `status` enum('active','inactive','deleted') NOT NULL DEFAULT 'active',
  PRIMARY KEY (`permission_id`)
) ENGINE=MyISAM  DEFAULT CHARSET=utf8 AUTO_INCREMENT=74 ;

--
-- Dumping data for table `permissions`
--

INSERT INTO `permissions` (`permission_id`, `name`, `description`, `status`) VALUES
(2, 'Site.Content.View', 'Allow users to view the Content Context', 'active'),
(3, 'Site.Reports.View', 'Allow users to view the Reports Context', 'active'),
(4, 'Site.Settings.View', 'Allow users to view the Settings Context', 'active'),
(5, 'Site.Developer.View', 'Allow users to view the Developer Context', 'active'),
(6, 'Bonfire.Roles.Manage', 'Allow users to manage the user Roles', 'active'),
(7, 'Bonfire.Users.Manage', 'Allow users to manage the site Users', 'active'),
(8, 'Bonfire.Users.View', 'Allow users access to the User Settings', 'active'),
(9, 'Bonfire.Users.Add', 'Allow users to add new Users', 'active'),
(10, 'Bonfire.Database.Manage', 'Allow users to manage the Database settings', 'active'),
(11, 'Bonfire.Emailer.Manage', 'Allow users to manage the Emailer settings', 'active'),
(12, 'Bonfire.Logs.View', 'Allow users access to the Log details', 'active'),
(13, 'Bonfire.Logs.Manage', 'Allow users to manage the Log files', 'active'),
(14, 'Bonfire.Emailer.View', 'Allow users access to the Emailer settings', 'active'),
(15, 'Site.Signin.Offline', 'Allow users to login to the site when the site is offline', 'active'),
(16, 'Bonfire.Permissions.View', 'Allow access to view the Permissions menu unders Settings Context', 'active'),
(17, 'Bonfire.Permissions.Manage', 'Allow access to manage the Permissions in the system', 'active'),
(18, 'Bonfire.Modules.Add', 'Allow creation of modules with the builder.', 'active'),
(19, 'Bonfire.Modules.Delete', 'Allow deletion of modules.', 'active'),
(20, 'Permissions.Administrator.Manage', 'To manage the access control permissions for the Administrator role.', 'active'),
(21, 'Permissions.Editor.Manage', 'To manage the access control permissions for the Editor role.', 'active'),
(49, 'Bonfire.Roles.Add', 'To add New Roles', 'active'),
(23, 'Permissions.User.Manage', 'To manage the access control permissions for the User role.', 'active'),
(24, 'Permissions.Developer.Manage', 'To manage the access control permissions for the Developer role.', 'active'),
(48, 'Bonfire.Profiler.View', 'To view the Console Profiler Bar.', 'active'),
(26, 'Activities.Own.View', 'To view the users own activity logs', 'active'),
(27, 'Activities.Own.Delete', 'To delete the users own activity logs', 'active'),
(28, 'Activities.User.View', 'To view the user activity logs', 'active'),
(29, 'Activities.User.Delete', 'To delete the user activity logs, except own', 'active'),
(30, 'Activities.Module.View', 'To view the module activity logs', 'active'),
(31, 'Activities.Module.Delete', 'To delete the module activity logs', 'active'),
(32, 'Activities.Date.View', 'To view the users own activity logs', 'active'),
(33, 'Activities.Date.Delete', 'To delete the dated activity logs', 'active'),
(34, 'Bonfire.UI.Manage', 'Manage the Bonfire UI settings', 'active'),
(35, 'Bonfire.Settings.View', 'To view the site settings page.', 'active'),
(36, 'Bonfire.Settings.Manage', 'To manage the site settings.', 'active'),
(37, 'Bonfire.Activities.View', 'To view the Activities menu.', 'active'),
(38, 'Bonfire.Database.View', 'To view the Database menu.', 'active'),
(39, 'Bonfire.Migrations.View', 'To view the Migrations menu.', 'active'),
(40, 'Bonfire.Builder.View', 'To view the Modulebuilder menu.', 'active'),
(41, 'Bonfire.Roles.View', 'To view the Roles menu.', 'active'),
(42, 'Bonfire.Sysinfo.View', 'To view the System Information page.', 'active'),
(43, 'Bonfire.Translate.Manage', 'To manage the Language Translation.', 'active'),
(44, 'Bonfire.Translate.View', 'To view the Language Translate menu.', 'active'),
(45, 'Bonfire.UI.View', 'To view the UI/Keyboard Shortcut menu.', 'active'),
(50, 'Category.Content.View', 'View Category Content', 'active'),
(51, 'Category.Content.Create', 'Create Category Content', 'active'),
(52, 'Category.Content.Edit', 'Edit Category Content', 'active'),
(53, 'Category.Content.Delete', 'Delete Category Content', 'active'),
(54, 'Item.Content.View', 'View Item Content', 'active'),
(55, 'Item.Content.Create', 'Create Item Content', 'active'),
(56, 'Item.Content.Edit', 'Edit Item Content', 'active'),
(57, 'Item.Content.Delete', 'Delete Item Content', 'active'),
(58, 'Order.Content.View', 'View Order Content', 'active'),
(59, 'Order.Content.Create', 'Create Order Content', 'active'),
(60, 'Order.Content.Edit', 'Edit Order Content', 'active'),
(61, 'Order.Content.Delete', 'Delete Order Content', 'active'),
(62, 'Order.Reports.View', 'View Order Reports', 'active'),
(63, 'Order.Reports.Create', 'Create Order Reports', 'active'),
(64, 'Order.Reports.Edit', 'Edit Order Reports', 'active'),
(65, 'Order.Reports.Delete', 'Delete Order Reports', 'active'),
(66, 'Order.Settings.View', 'View Order Settings', 'active'),
(67, 'Order.Settings.Create', 'Create Order Settings', 'active'),
(68, 'Order.Settings.Edit', 'Edit Order Settings', 'active'),
(69, 'Order.Settings.Delete', 'Delete Order Settings', 'active'),
(70, 'Order.Developer.View', 'View Order Developer', 'active'),
(71, 'Order.Developer.Create', 'Create Order Developer', 'active'),
(72, 'Order.Developer.Edit', 'Edit Order Developer', 'active'),
(73, 'Order.Developer.Delete', 'Delete Order Developer', 'active');

-- --------------------------------------------------------

--
-- Table structure for table `promotion`
--

CREATE TABLE IF NOT EXISTS `promotion` (
  `PROMOTION_ID` int(11) NOT NULL AUTO_INCREMENT,
  `START_DATE` datetime DEFAULT NULL,
  `END_DATE` datetime DEFAULT NULL,
  `DISCOUNT` tinyint(4) DEFAULT NULL,
  `PROMOTION_CODE` varchar(15) DEFAULT NULL,
  `TYPE` varchar(45) DEFAULT 'percent',
  PRIMARY KEY (`PROMOTION_ID`)
) ENGINE=MyISAM  DEFAULT CHARSET=latin1 AUTO_INCREMENT=4 ;

--
-- Dumping data for table `promotion`
--

INSERT INTO `promotion` (`PROMOTION_ID`, `START_DATE`, `END_DATE`, `DISCOUNT`, `PROMOTION_CODE`, `TYPE`) VALUES
(2, '2016-05-26 08:58:39', '2016-06-26 08:58:39', 10, 'abc', 'percent'),
(3, '2016-05-26 09:00:08', '2016-06-26 09:00:08', 10, 'abc', 'percent');

-- --------------------------------------------------------

--
-- Table structure for table `returnstatus`
--

CREATE TABLE IF NOT EXISTS `returnstatus` (
  `RETURN_ID` int(11) NOT NULL,
  `USER_ID` int(11) NOT NULL,
  `START_DATE` date NOT NULL,
  `END_DATE` date NOT NULL,
  `STATUS` tinyint(4) NOT NULL,
  PRIMARY KEY (`RETURN_ID`),
  KEY `FK_USER_RETURN` (`USER_ID`)
) ENGINE=MyISAM DEFAULT CHARSET=latin1;

-- --------------------------------------------------------

--
-- Table structure for table `returnstatus_item`
--

CREATE TABLE IF NOT EXISTS `returnstatus_item` (
  `RETURN_ID` int(11) NOT NULL,
  `ITEM_ID` int(11) NOT NULL,
  PRIMARY KEY (`RETURN_ID`,`ITEM_ID`),
  KEY `FK_RETURNSTATUS_ITEM2` (`ITEM_ID`)
) ENGINE=MyISAM DEFAULT CHARSET=latin1;

-- --------------------------------------------------------

--
-- Table structure for table `reviews`
--

CREATE TABLE IF NOT EXISTS `reviews` (
  `REVIEW_ID` int(11) NOT NULL AUTO_INCREMENT,
  `USER_ID` int(11) NOT NULL,
  `ITEM_ID` int(11) NOT NULL,
  `RATING` tinyint(4) NOT NULL,
  `COMMENT` text,
  PRIMARY KEY (`REVIEW_ID`),
  KEY `FK_ITEM_REVIEWS` (`ITEM_ID`),
  KEY `FK_USER_REVIEW` (`USER_ID`)
) ENGINE=MyISAM DEFAULT CHARSET=latin1 AUTO_INCREMENT=1 ;

-- --------------------------------------------------------

--
-- Table structure for table `role`
--

CREATE TABLE IF NOT EXISTS `role` (
  `ROLE_ID` tinyint(4) NOT NULL,
  `ROLE_NAME` varchar(25) NOT NULL,
  `DESCRIPTION` varchar(50) DEFAULT NULL,
  PRIMARY KEY (`ROLE_ID`)
) ENGINE=MyISAM DEFAULT CHARSET=latin1;

-- --------------------------------------------------------

--
-- Table structure for table `roles`
--

CREATE TABLE IF NOT EXISTS `roles` (
  `role_id` int(11) NOT NULL AUTO_INCREMENT,
  `role_name` varchar(60) NOT NULL,
  `description` varchar(255) DEFAULT NULL,
  `default` tinyint(1) NOT NULL DEFAULT '0',
  `can_delete` tinyint(1) NOT NULL DEFAULT '1',
  `login_destination` varchar(255) NOT NULL DEFAULT '/',
  `default_context` varchar(255) DEFAULT 'content',
  `deleted` int(1) NOT NULL DEFAULT '0',
  PRIMARY KEY (`role_id`)
) ENGINE=MyISAM  DEFAULT CHARSET=utf8 AUTO_INCREMENT=7 ;

--
-- Dumping data for table `roles`
--

INSERT INTO `roles` (`role_id`, `role_name`, `description`, `default`, `can_delete`, `login_destination`, `default_context`, `deleted`) VALUES
(1, 'Administrator', 'Has full control over every aspect of the site.', 0, 0, '', 'content', 0),
(2, 'Editor', 'Can handle day-to-day management, but does not have full power.', 0, 1, '', 'content', 0),
(4, 'User', 'This is the default user with access to login.', 1, 0, '', 'content', 0),
(6, 'Developer', 'Developers typically are the only ones that can access the developer tools. Otherwise identical to Administrators, at least until the site is handed off.', 0, 1, '', 'content', 0);

-- --------------------------------------------------------

--
-- Table structure for table `role_permissions`
--

CREATE TABLE IF NOT EXISTS `role_permissions` (
  `role_id` int(11) NOT NULL,
  `permission_id` int(11) NOT NULL,
  PRIMARY KEY (`role_id`,`permission_id`)
) ENGINE=MyISAM DEFAULT CHARSET=utf8;

--
-- Dumping data for table `role_permissions`
--

INSERT INTO `role_permissions` (`role_id`, `permission_id`) VALUES
(1, 2),
(1, 3),
(1, 4),
(1, 5),
(1, 6),
(1, 7),
(1, 8),
(1, 9),
(1, 10),
(1, 11),
(1, 12),
(1, 13),
(1, 14),
(1, 15),
(1, 16),
(1, 17),
(1, 18),
(1, 19),
(1, 20),
(1, 21),
(1, 23),
(1, 24),
(1, 26),
(1, 27),
(1, 28),
(1, 29),
(1, 30),
(1, 31),
(1, 32),
(1, 33),
(1, 34),
(1, 35),
(1, 36),
(1, 37),
(1, 38),
(1, 39),
(1, 40),
(1, 41),
(1, 42),
(1, 43),
(1, 44),
(1, 45),
(1, 48),
(1, 49),
(1, 50),
(1, 51),
(1, 52),
(1, 53),
(1, 54),
(1, 55),
(1, 56),
(1, 57),
(1, 58),
(1, 59),
(1, 60),
(1, 61),
(1, 62),
(1, 63),
(1, 64),
(1, 65),
(1, 66),
(1, 67),
(1, 68),
(1, 69),
(1, 70),
(1, 71),
(1, 72),
(1, 73),
(2, 2),
(2, 3),
(6, 2),
(6, 3),
(6, 4),
(6, 5),
(6, 6),
(6, 7),
(6, 8),
(6, 9),
(6, 10),
(6, 11),
(6, 12),
(6, 13),
(6, 48);

-- --------------------------------------------------------

--
-- Table structure for table `role_user`
--

CREATE TABLE IF NOT EXISTS `role_user` (
  `ROLE_ID` tinyint(4) NOT NULL,
  `USER_ID` int(11) NOT NULL,
  PRIMARY KEY (`ROLE_ID`,`USER_ID`),
  KEY `FK_ROLE_USER2` (`USER_ID`)
) ENGINE=MyISAM DEFAULT CHARSET=latin1;

-- --------------------------------------------------------

--
-- Table structure for table `schema_version`
--

CREATE TABLE IF NOT EXISTS `schema_version` (
  `type` varchar(40) NOT NULL,
  `version` int(4) NOT NULL DEFAULT '0',
  PRIMARY KEY (`type`)
) ENGINE=MyISAM DEFAULT CHARSET=utf8;

--
-- Dumping data for table `schema_version`
--

INSERT INTO `schema_version` (`type`, `version`) VALUES
('core', 43),
('category_', 1),
('item_', 1),
('order_', 1);

-- --------------------------------------------------------

--
-- Table structure for table `sessions`
--

CREATE TABLE IF NOT EXISTS `sessions` (
  `session_id` varchar(40) NOT NULL DEFAULT '0',
  `ip_address` varchar(45) NOT NULL DEFAULT '0',
  `user_agent` varchar(120) NOT NULL,
  `last_activity` int(10) unsigned NOT NULL DEFAULT '0',
  `user_data` text NOT NULL,
  PRIMARY KEY (`session_id`)
) ENGINE=MyISAM DEFAULT CHARSET=utf8;

-- --------------------------------------------------------

--
-- Table structure for table `settings`
--

CREATE TABLE IF NOT EXISTS `settings` (
  `name` varchar(30) NOT NULL,
  `module` varchar(255) NOT NULL,
  `value` varchar(255) NOT NULL,
  PRIMARY KEY (`name`)
) ENGINE=MyISAM DEFAULT CHARSET=utf8;

--
-- Dumping data for table `settings`
--

INSERT INTO `settings` (`name`, `module`, `value`) VALUES
('site.title', 'core', 'My Bonfire'),
('site.system_email', 'core', 'admin@mybonfire.com'),
('site.status', 'core', '1'),
('site.list_limit', 'core', '25'),
('site.show_profiler', 'core', '1'),
('site.show_front_profiler', 'core', '1'),
('auth.allow_register', 'core', '1'),
('auth.login_type', 'core', 'email'),
('auth.use_usernames', 'core', '1'),
('auth.allow_remember', 'core', '1'),
('auth.remember_length', 'core', '1209600'),
('auth.do_login_redirect', 'core', '1'),
('auth.use_extended_profile', 'core', '0'),
('sender_email', 'email', ''),
('protocol', 'email', 'mail'),
('mailpath', 'email', '/usr/sbin/sendmail'),
('smtp_host', 'email', ''),
('smtp_user', 'email', ''),
('smtp_pass', 'email', ''),
('smtp_port', 'email', ''),
('smtp_timeout', 'email', ''),
('mailtype', 'email', 'text'),
('site.languages', 'core', 'a:3:{i:0;s:7:"english";i:1;s:10:"portuguese";i:2;s:7:"persian";}'),
('auth.allow_name_change', 'core', '1'),
('auth.name_change_frequency', 'core', '1'),
('auth.name_change_limit', 'core', '1'),
('auth.password_min_length', 'core', '8'),
('auth.password_force_numbers', 'core', '0'),
('auth.password_force_symbols', 'core', '0'),
('auth.password_force_mixed_case', 'core', '0'),
('form_save', 'core.ui', 'ctrl+s/⌘+s'),
('goto_content', 'core.ui', 'alt+c'),
('auth.user_activation_method', 'core', '0'),
('auth.password_show_labels', 'core', '0'),
('password_iterations', 'users', '8'),
('site.offline_reason', 'core', '');

-- --------------------------------------------------------

--
-- Table structure for table `shippingtype`
--

CREATE TABLE IF NOT EXISTS `shippingtype` (
  `SHIPPING_TYPE_ID` int(11) NOT NULL AUTO_INCREMENT,
  `SHIPPING_TYPE_NAME` varchar(50) NOT NULL,
  `SHIPPING_COST` float(6,0) NOT NULL,
  `SHIPPING_DAYS` tinyint(4) NOT NULL,
  PRIMARY KEY (`SHIPPING_TYPE_ID`)
) ENGINE=MyISAM  DEFAULT CHARSET=latin1 AUTO_INCREMENT=4 ;

--
-- Dumping data for table `shippingtype`
--

INSERT INTO `shippingtype` (`SHIPPING_TYPE_ID`, `SHIPPING_TYPE_NAME`, `SHIPPING_COST`, `SHIPPING_DAYS`) VALUES
(1, 'free', 0, 3),
(2, 'local', 15, 1);

-- --------------------------------------------------------

--
-- Table structure for table `supplier`
--

CREATE TABLE IF NOT EXISTS `supplier` (
  `SUPPLIER_ID` int(11) NOT NULL,
  `SUPPLIER_NAME` varchar(50) NOT NULL,
  `SUPPLIER_TYPE` varchar(50) NOT NULL,
  PRIMARY KEY (`SUPPLIER_ID`)
) ENGINE=MyISAM DEFAULT CHARSET=latin1;

--
-- Dumping data for table `supplier`
--

INSERT INTO `supplier` (`SUPPLIER_ID`, `SUPPLIER_NAME`, `SUPPLIER_TYPE`) VALUES
(1, 'Tiki', '1'),
(2, 'FPT Trading', '1'),
(3, 'Sony Vietnam', '2');

-- --------------------------------------------------------

--
-- Table structure for table `trackingtable`
--

CREATE TABLE IF NOT EXISTS `trackingtable` (
  `TRACKING_ID` int(11) NOT NULL AUTO_INCREMENT,
  `POSITION` varchar(200) NOT NULL,
  `TIME` datetime NOT NULL,
  PRIMARY KEY (`TRACKING_ID`,`POSITION`,`TIME`)
) ENGINE=MyISAM DEFAULT CHARSET=latin1 AUTO_INCREMENT=1 ;

-- --------------------------------------------------------

--
-- Table structure for table `user`
--

CREATE TABLE IF NOT EXISTS `user` (
  `USER_ID` int(11) NOT NULL AUTO_INCREMENT,
  `CART_ID` int(11) DEFAULT NULL,
  `USER_NAME` varchar(50) NOT NULL,
  `PASSWORD` varchar(50) NOT NULL,
  `NAME` varchar(50) NOT NULL,
  `EMAIL_ADRESS` varchar(50) NOT NULL,
  `PHONE` varchar(15) DEFAULT NULL,
  PRIMARY KEY (`USER_ID`),
  KEY `AK_ID_USERNAME` (`USER_NAME`),
  KEY `FK_USER_CART` (`CART_ID`)
) ENGINE=MyISAM DEFAULT CHARSET=latin1 AUTO_INCREMENT=1 ;

-- --------------------------------------------------------

--
-- Table structure for table `userpayment`
--

CREATE TABLE IF NOT EXISTS `userpayment` (
  `PAYMENT_ID` int(11) NOT NULL,
  `USER_ID` int(11) NOT NULL,
  `CARD_NAME` varchar(50) NOT NULL,
  `CREDIT_CARD_NUMBER` varchar(20) NOT NULL,
  `SECURITY_NUMBER` int(11) NOT NULL,
  `EXP_DATE` varchar(1024) NOT NULL,
  PRIMARY KEY (`PAYMENT_ID`),
  KEY `FK_USER_PAYMENT` (`USER_ID`)
) ENGINE=MyISAM DEFAULT CHARSET=latin1;

-- --------------------------------------------------------

--
-- Table structure for table `users`
--

CREATE TABLE IF NOT EXISTS `users` (
  `id` bigint(20) unsigned NOT NULL AUTO_INCREMENT,
  `role_id` int(11) NOT NULL DEFAULT '4',
  `email` varchar(254) NOT NULL,
  `username` varchar(30) NOT NULL DEFAULT '',
  `password_hash` char(60) DEFAULT NULL,
  `reset_hash` varchar(40) DEFAULT NULL,
  `last_login` datetime NOT NULL DEFAULT '0000-00-00 00:00:00',
  `last_ip` varchar(45) NOT NULL DEFAULT '',
  `created_on` datetime NOT NULL DEFAULT '0000-00-00 00:00:00',
  `deleted` tinyint(1) NOT NULL DEFAULT '0',
  `reset_by` int(10) DEFAULT NULL,
  `banned` tinyint(1) NOT NULL DEFAULT '0',
  `ban_message` varchar(255) DEFAULT NULL,
  `display_name` varchar(255) DEFAULT '',
  `display_name_changed` date DEFAULT NULL,
  `timezone` varchar(40) NOT NULL DEFAULT 'UM6',
  `language` varchar(20) NOT NULL DEFAULT 'english',
  `active` tinyint(1) NOT NULL DEFAULT '0',
  `activate_hash` varchar(40) NOT NULL DEFAULT '',
  `force_password_reset` tinyint(1) DEFAULT '0',
  `phone` varchar(15) NOT NULL,
  `address` varchar(255) NOT NULL,
  `company` varchar(255) NOT NULL,
  PRIMARY KEY (`id`),
  KEY `email` (`email`)
) ENGINE=MyISAM  DEFAULT CHARSET=utf8 AUTO_INCREMENT=3 ;

--
-- Dumping data for table `users`
--

INSERT INTO `users` (`id`, `role_id`, `email`, `username`, `password_hash`, `reset_hash`, `last_login`, `last_ip`, `created_on`, `deleted`, `reset_by`, `banned`, `ban_message`, `display_name`, `display_name_changed`, `timezone`, `language`, `active`, `activate_hash`, `force_password_reset`, `phone`, `address`, `company`) VALUES
(1, 1, 'admin@gmail.com', 'admin', '$2a$08$1CkDNHW6lcorpGKHyXEB4uAJAk31WmlG5oI5.VjZyLzWnlTQKikGS', NULL, '2016-05-26 04:02:54', '127.0.0.1', '2016-04-22 22:01:17', 0, NULL, 0, NULL, 'admin', NULL, 'UM6', 'english', 1, '', 0, '0983237306', 'hcmut', 'hcmut'),
(2, 4, 'hcmut@gmail.com', 'hcmut', '$2a$08$1CkDNHW6lcorpGKHyXEB4uAJAk31WmlG5oI5.VjZyLzWnlTQKikGS', NULL, '2016-05-26 03:52:42', '127.0.0.1', '2016-05-26 00:41:30', 0, NULL, 0, NULL, 'hcmut', NULL, 'UM8', 'english', 1, '', 0, '0983237306', 'hcmut', 'hcmut');

-- --------------------------------------------------------

--
-- Table structure for table `user_cookies`
--

CREATE TABLE IF NOT EXISTS `user_cookies` (
  `user_id` bigint(20) unsigned NOT NULL,
  `token` varchar(128) NOT NULL,
  `created_on` datetime NOT NULL,
  KEY `token` (`token`)
) ENGINE=MyISAM DEFAULT CHARSET=utf8;

-- --------------------------------------------------------

--
-- Table structure for table `user_item_favourite`
--

CREATE TABLE IF NOT EXISTS `user_item_favourite` (
  `USER_ID` int(11) NOT NULL,
  `ITEM_ID` int(11) NOT NULL,
  PRIMARY KEY (`USER_ID`,`ITEM_ID`),
  KEY `FK_USER_ITEM_FAVOURITE2` (`ITEM_ID`)
) ENGINE=MyISAM DEFAULT CHARSET=latin1;

-- --------------------------------------------------------

--
-- Table structure for table `user_meta`
--

CREATE TABLE IF NOT EXISTS `user_meta` (
  `meta_id` int(20) unsigned NOT NULL AUTO_INCREMENT,
  `user_id` bigint(20) unsigned NOT NULL DEFAULT '0',
  `meta_key` varchar(255) NOT NULL DEFAULT '',
  `meta_value` text,
  PRIMARY KEY (`meta_id`)
) ENGINE=MyISAM  DEFAULT CHARSET=utf8 AUTO_INCREMENT=3 ;

--
-- Dumping data for table `user_meta`
--

INSERT INTO `user_meta` (`meta_id`, `user_id`, `meta_key`, `meta_value`) VALUES
(1, 2, 'state', ''),
(2, 2, 'country', 'US');

/*!40101 SET CHARACTER_SET_CLIENT=@OLD_CHARACTER_SET_CLIENT */;
/*!40101 SET CHARACTER_SET_RESULTS=@OLD_CHARACTER_SET_RESULTS */;
/*!40101 SET COLLATION_CONNECTION=@OLD_COLLATION_CONNECTION */;
